sample_id,timestamp_s,clock_bias_s,clock_drift_s_per_s,ephemeris_error_m
0,0,-7.515e-09,9.667e-11,0.0217
1,900,6.6764e-08,9.276e-11,0.095292
2,1800,1.28718e-07,9.359e-11,0.137085
3,2700,2.12383e-07,9.176e-11,0.203664
4,3600,2.67019e-07,9.654e-11,0.229511
5,4500,3.13138e-07,9.455e-11,0.149613
6,5400,3.83472e-07,9.477e-11,0.212866
7,6300,4.1406e-07,9.034e-11,0.234516
8,7200,4.60817e-07,7.924e-11,0.288065
9,8100,4.86754e-07,8.417e-11,0.25326
10,9000,6.22545e-07,7.687e-11,0.322752
11,9900,6.42915e-07,7.575e-11,0.334275
12,10800,6.89693e-07,7.569e-11,0.250315
13,11700,7.55205e-07,7.055e-11,0.330435
14,12600,8.31494e-07,5.706e-11,0.22082
15,13500,8.07098e-07,5.886e-11,0.30206
16,14400,8.65429e-07,4.439e-11,0.298151
17,15300,8.64943e-07,5.002e-11,0.380878
18,16200,9.28165e-07,4.118e-11,0.187489
19,17100,9.07433e-07,2.913e-11,0.127984
20,18000,9.32768e-07,3.449e-11,0.163643
21,18900,9.80757e-07,1.796e-11,0.106161
22,19800,1.009226e-06,1.289e-11,0.10418
23,20700,9.91657e-07,4.83e-12,-0.031188
24,21600,9.56021e-07,-1.31e-12,0.002825
25,22500,9.65952e-07,-6.71e-12,-0.03647
26,23400,9.44802e-07,-1.763e-11,-0.057283
27,24300,9.86831e-07,-2.528e-11,-0.106883
28,25200,9.86742e-07,-2.2e-11,-0.154764
29,26100,9.40093e-07,-3.529e-11,-0.159237
30,27000,9.41012e-07,-3.512e-11,-0.205538
31,27900,9.24446e-07,-4.376e-11,-0.198772
32,28800,8.92079e-07,-5.402e-11,-0.350215
33,29700,8.66908e-07,-5.427e-11,-0.362888
34,30600,7.86725e-07,-5.702e-11,-0.303762
35,31500,7.54892e-07,-5.893e-11,-0.349798
36,32400,7.03867e-07,-6.965e-11,-0.280477
37,33300,6.77795e-07,-7.063e-11,-0.287505
38,34200,6.22949e-07,-8.063e-11,-0.286643
39,35100,5.65374e-07,-8.207e-11,-0.238537
40,36000,5.22472e-07,-8.638e-11,-0.300264
41,36900,4.57727e-07,-8.983e-11,-0.228347
42,37800,4.37571e-07,-9.501e-11,-0.191018
43,38700,3.54727e-07,-9.42e-11,-0.065736
44,39600,2.6376e-07,-9.497e-11,-0.18994
45,40500,2.01655e-07,-9.683e-11,-0.07249
46,41400,1.5486e-07,-9.285e-11,-0.082394
47,42300,7.783e-08,-8.627e-11,-0.019446
48,43200,8.075e-09,-1.0347e-10,-0.047134
49,44100,-2.3869e-08,-1.0161e-10,0.045526
50,45000,-1.07548e-07,-9.549e-11,0.035309
51,45900,-1.89197e-07,-9.696e-11,0.144853
52,46800,-2.32049e-07,-1.0064e-10,0.183874
53,47700,-3.17796e-07,-9.73e-11,0.135431
54,48600,-3.40491e-07,-8.922e-11,0.242382
55,49500,-4.0437e-07,-7.562e-11,0.152545
56,50400,-5.03169e-07,-8.968e-11,0.217267
57,51300,-5.58048e-07,-8.465e-11,0.216334
58,52200,-5.87316e-07,-7.908e-11,0.313829
59,53100,-6.29606e-07,-7.217e-11,0.278763
60,54000,-6.53513e-07,-6.954e-11,0.206876
61,54900,-7.6239e-07,-7.464e-11,0.2983
62,55800,-7.85479e-07,-6.322e-11,0.390324
63,56700,-8.07248e-07,-5.193e-11,0.23061
64,57600,-8.6921e-07,-4.982e-11,0.268458
65,58500,-9.13234e-07,-4.513e-11,0.23871
66,59400,-9.09162e-07,-4.234e-11,0.185155
67,60300,-9.33758e-07,-3.169e-11,0.212868
68,61200,-9.2331e-07,-2.735e-11,0.127192
69,62100,-9.5199e-07,-1.645e-11,0.093095
70,63000,-9.61973e-07,-8.15e-12,0.14223
71,63900,-9.54295e-07,-1.087e-11,0.039853
72,64800,-9.96374e-07,-4.9e-13,-0.032463
73,65700,-1.021684e-06,7e-12,-0.077576
74,66600,-9.83127e-07,9.08e-12,-0.132629
75,67500,-9.66048e-07,2.026e-11,-0.085841
76,68400,-9.14294e-07,2.727e-11,-0.125746
77,69300,-9.59774e-07,2.571e-11,-0.103487
78,70200,-9.30514e-07,3.305e-11,-0.214087
79,71100,-8.88388e-07,3.972e-11,-0.253255
80,72000,-8.28866e-07,4.597e-11,-0.329491
81,72900,-8.03355e-07,5.802e-11,-0.30819
82,73800,-8.17549e-07,5.715e-11,-0.292513
83,74700,-7.22988e-07,6.075e-11,-0.301659
84,75600,-6.94044e-07,5.88e-11,-0.248311
85,76500,-6.81e-07,7.684e-11,-0.285099
86,77400,-5.87422e-07,8.209e-11,-0.408642
87,78300,-5.71556e-07,8.384e-11,-0.286913
88,79200,-4.88334e-07,9.055e-11,-0.229385
89,80100,-4.42228e-07,8.046e-11,-0.26078
90,81000,-3.66683e-07,8.694e-11,-0.180568
91,81900,-2.96091e-07,9.533e-11,-0.335817
92,82800,-2.79317e-07,1.0602e-10,-0.177327
93,83700,-2.30108e-07,1.0425e-10,-0.114137
94,84600,-1.12198e-07,1.0053e-10,-0.054718
95,85500,-6.9149e-08,1.0327e-10,0.074714
96,86400,1.8e-09,9.21e-11,0.022333
97,87300,6.5626e-08,1.058e-10,0.017828
98,88200,1.33218e-07,1.0378e-10,0.206272
99,89100,1.54955e-07,9.554e-11,0.099499
100,90000,2.21989e-07,9.214e-11,0.011866
101,90900,2.92216e-07,9.654e-11,0.157967
102,91800,3.9908e-07,9.245e-11,0.276683
103,92700,4.28894e-07,9.382e-11,0.251968
104,93600,5.04084e-07,8.688e-11,0.284614
105,94500,5.38578e-07,8.171e-11,0.297413
106,95400,6.24381e-07,7.798e-11,0.310751
107,96300,6.53738e-07,8.089e-11,0.298019
108,97200,6.32877e-07,7.329e-11,0.189026
109,98100,7.4604e-07,6.678e-11,0.347417
110,99000,7.42284e-07,5.311e-11,0.302815
111,99900,7.9896e-07,5.31e-11,0.281397
112,100800,8.86565e-07,5.417e-11,0.312283
113,101700,8.71712e-07,5.163e-11,0.228502
114,102600,8.41106e-07,3.733e-11,0.252719
115,103500,8.83208e-07,3.126e-11,0.14804
116,104400,9.52804e-07,2.963e-11,0.182577
117,105300,9.50164e-07,1.932e-11,0.124683
118,106200,9.32697e-07,2.12e-12,0.08515
119,107100,9.68098e-07,1.259e-11,0.117725
120,108000,9.90041e-07,-4.99e-12,-0.017613
121,108900,9.67003e-07,6.12e-12,0.034847
122,109800,9.74471e-07,-1.499e-11,-0.121806
123,110700,9.63997e-07,-2.501e-11,-0.126727
124,111600,9.3524e-07,-1.792e-11,-0.167735
125,112500,8.71539e-07,-2.962e-11,-0.21758
126,113400,9.05442e-07,-3.87e-11,-0.225817
127,114300,8.87446e-07,-5.189e-11,-0.263857
128,115200,8.51274e-07,-5.307e-11,-0.340248
129,116100,8.11775e-07,-4.994e-11,-0.279414
130,117000,7.19122e-07,-5.735e-11,-0.372772
131,117900,7.16118e-07,-7.037e-11,-0.355425
132,118800,6.59547e-07,-7.163e-11,-0.33221
133,119700,6.31287e-07,-7.741e-11,-0.248424
134,120600,5.67198e-07,-8.282e-11,-0.333075
135,121500,4.70355e-07,-8.169e-11,-0.294893
136,122400,4.01859e-07,-8.928e-11,-0.304859
137,123300,4.27295e-07,-9.82e-11,-0.310074
138,124200,3.6836e-07,-8.56e-11,-0.249381
139,125100,2.86844e-07,-9.161e-11,-0.298983
140,126000,2.01713e-07,-9.8e-11,-0.072505
141,126900,1.61546e-07,-9.757e-11,-0.058116
142,127800,1.37174e-07,-1.0203e-10,-0.078488
143,128700,6.7693e-08,-1.074e-10,0.012221
144,129600,-5.8582e-08,-9.949e-11,-0.012131
145,130500,-1.24856e-07,-1.047e-10,0.052979
146,131400,-1.53969e-07,-9.979e-11,0.081151
147,132300,-2.27724e-07,-1.0294e-10,0.15179
148,133200,-2.81159e-07,-8.357e-11,0.131195
149,134100,-3.68543e-07,-9.085e-11,0.223584
150,135000,-4.3212e-07,-9.44e-11,0.239189
151,135900,-5.02754e-07,-9.174e-11,0.242486
152,136800,-5.32368e-07,-8.963e-11,0.167688
153,137700,-6.48621e-07,-8.944e-11,0.211505
154,138600,-6.66841e-07,-8.528e-11,0.25464
155,139500,-7.20975e-07,-7.739e-11,0.363559
156,140400,-7.39364e-07,-7.063e-11,0.276949
157,141300,-8.01087e-07,-6.43e-11,0.326642
158,142200,-8.54585e-07,-6.069e-11,0.188197
159,143100,-8.76239e-07,-5.175e-11,0.26316
160,144000,-8.83524e-07,-5.441e-11,0.27068
161,144900,-9.55045e-07,-4.473e-11,0.23229
162,145800,-9.68551e-07,-3.403e-11,0.281019
163,146700,-9.97895e-07,-2.807e-11,0.14754
164,147600,-9.97334e-07,-2.969e-11,0.204533
165,148500,-9.87815e-07,-2.012e-11,0.005178
166,149400,-1.048991e-06,-6.89e-12,0.1053
167,150300,-1.03754e-06,-1.5e-12,0.063381
168,151200,-1.021088e-06,4.6e-12,0.076085
169,152100,-1.03633e-06,1.107e-11,-0.054514
170,153000,-1.052395e-06,2.159e-11,-0.066835
171,153900,-1.011378e-06,2.013e-11,-0.144131
172,154800,-1.014671e-06,3.306e-11,-0.122238
173,155700,-1.036253e-06,3.107e-11,-0.093514
174,156600,-9.89638e-07,2.927e-11,-0.11748
175,157500,-9.43845e-07,4.388e-11,-0.256577
176,158400,-8.97103e-07,4.729e-11,-0.202395
177,159300,-8.7255e-07,5.678e-11,-0.269888
178,160200,-8.4937e-07,6.61e-11,-0.333045
179,161100,-8.35367e-07,6.901e-11,-0.265872
180,162000,-7.42061e-07,7.275e-11,-0.316027
181,162900,-6.87058e-07,7.496e-11,-0.321789
182,163800,-6.60516e-07,8.944e-11,-0.376527
183,164700,-5.85559e-07,7.475e-11,-0.282576
184,165600,-5.46514e-07,7.618e-11,-0.240356
185,166500,-4.80052e-07,7.919e-11,-0.196028
186,167400,-3.83229e-07,9.984e-11,-0.194184
187,168300,-3.55887e-07,1.0133e-10,-0.098509
188,169200,-2.78357e-07,9.188e-11,-0.139933
189,170100,-2.20255e-07,8.903e-11,-0.091337
190,171000,-1.10403e-07,1.0234e-10,-0.003975
191,171900,-8.7979e-08,9.942e-11,-0.020094
192,172800,-4.4466e-08,9.518e-11,0.063315
193,173700,7.2007e-08,9.483e-11,0.087558
194,174600,1.02409e-07,1.0084e-10,0.100657
195,175500,1.84126e-07,9.849e-11,0.185313
196,176400,2.37372e-07,9.971e-11,0.108337
197,177300,3.35005e-07,9.704e-11,0.218278
198,178200,3.20886e-07,8.827e-11,0.274026
199,179100,4.17576e-07,8.012e-11,0.28992
200,180000,4.60361e-07,9.366e-11,0.255416
201,180900,5.37939e-07,8.904e-11,0.232289
202,181800,5.67632e-07,7.835e-11,0.331136
203,182700,6.14675e-07,6.684e-11,0.33862
204,183600,6.66744e-07,6.875e-11,0.207159
205,184500,7.09713e-07,6.59e-11,0.343952
206,185400,7.45165e-07,6.916e-11,0.25555
207,186300,7.7895e-07,6.324e-11,0.287737
208,187200,8.11737e-07,4.922e-11,0.327461
209,188100,8.81278e-07,4.014e-11,0.235884
210,189000,8.85343e-07,3.334e-11,0.209348
211,189900,9.00065e-07,3.784e-11,0.243
212,190800,9.12523e-07,2.481e-11,0.183215
213,191700,9.19842e-07,2.245e-11,0.11041
214,192600,9.2118e-07,8.27e-12,0.149999
215,193500,9.48867e-07,1.474e-11,0.013476
216,194400,9.62651e-07,1.196e-11,-0.052869
217,195300,9.23417e-07,-1.1e-13,-0.080498
218,196200,9.53772e-07,-1.598e-11,-0.064238
219,197100,9.21036e-07,-2.041e-11,-0.092314
220,198000,9.03902e-07,-2.938e-11,-0.167369
221,198900,8.77709e-07,-3.426e-11,-0.176689
222,199800,8.76126e-07,-3.963e-11,-0.213127
223,200700,8.38574e-07,-4.077e-11,-0.166207
224,201600,8.12006e-07,-4.757e-11,-0.271788
225,202500,7.95189e-07,-4.773e-11,-0.251731
226,203400,7.26882e-07,-5.861e-11,-0.228135
227,204300,7.25789e-07,-6.096e-11,-0.331939
228,205200,6.51511e-07,-7e-11,-0.387824
229,206100,6.27228e-07,-6.875e-11,-0.392922
230,207000,5.48532e-07,-8.45e-11,-0.292944
231,207900,5.10663e-07,-7.615e-11,-0.229446
232,208800,4.73891e-07,-8.587e-11,-0.240146
233,209700,3.95063e-07,-8.54e-11,-0.293608
234,210600,3.6576e-07,-8.646e-11,-0.201589
235,211500,2.81014e-07,-9.269e-11,-0.325704
236,212400,2.17226e-07,-9.716e-11,-0.152531
237,213300,1.60769e-07,-9.845e-11,-0.171815
238,214200,7.3935e-08,-9.881e-11,-0.071899
239,215100,1.2231e-08,-9.459e-11,-0.09346
240,216000,-5.7281e-08,-9.355e-11,-0.086731
241,216900,-1.23077e-07,-1.0271e-10,0.020622
242,217800,-2.18677e-07,-9.999e-11,0.169708
243,218700,-2.97769e-07,-1.0393e-10,0.049708
244,219600,-2.91015e-07,-9.89e-11,0.148718
245,220500,-4.02676e-07,-9.942e-11,0.170871
246,221400,-4.12184e-07,-8.543e-11,0.169485
247,222300,-4.98818e-07,-9.384e-11,0.149188
248,223200,-5.34565e-07,-8.08e-11,0.31211
249,224100,-6.25781e-07,-8.398e-11,0.314652
250,225000,-6.63586e-07,-8.13e-11,0.208824
251,225900,-7.18015e-07,-6.979e-11,0.237554
252,226800,-7.46635e-07,-6.905e-11,0.337507
253,227700,-7.91638e-07,-6.941e-11,0.216585
254,228600,-8.62487e-07,-5.643e-11,0.262678
255,229500,-8.99927e-07,-6.466e-11,0.364796
256,230400,-9.01914e-07,-4.615e-11,0.308194
257,231300,-9.39622e-07,-4.545e-11,0.229818
258,232200,-9.87384e-07,-2.509e-11,0.239928
259,233100,-1.018034e-06,-2.982e-11,0.132085
260,234000,-9.98854e-07,-2.919e-11,0.175054
261,234900,-1.023816e-06,-1.759e-11,0.119529
262,235800,-1.054418e-06,-1.333e-11,0.048811
263,236700,-1.072815e-06,8.6e-13,0.033731
264,237600,-1.079324e-06,-2.58e-12,0.055019
265,238500,-1.042892e-06,9.34e-12,-0.052034
266,239400,-1.037745e-06,9.83e-12,-0.090626
267,240300,-1.017398e-06,2.388e-11,-0.163901
268,241200,-1.038779e-06,2.643e-11,-0.063693
269,242100,-1.040984e-06,3.354e-11,-0.251431
270,243000,-9.95917e-07,3.645e-11,-0.233157
271,243900,-9.65317e-07,4.426e-11,-0.264769
272,244800,-9.53529e-07,5.39e-11,-0.222164
273,245700,-8.62395e-07,4.785e-11,-0.262218
274,246600,-8.19756e-07,5.572e-11,-0.289319
275,247500,-7.92158e-07,7.515e-11,-0.201209
276,248400,-7.82202e-07,8.318e-11,-0.345761
277,249300,-6.87102e-07,8.004e-11,-0.347218
278,250200,-6.4031e-07,7.88e-11,-0.262061
279,251100,-5.91057e-07,8.913e-11,-0.273394
280,252000,-5.41057e-07,9.208e-11,-0.230788
281,252900,-4.74075e-07,8.636e-11,-0.290269
282,253800,-4.35823e-07,8.928e-11,-0.172822
283,254700,-3.41433e-07,9.392e-11,-0.111082
284,255600,-2.76515e-07,9.781e-11,-0.191095
285,256500,-2.11006e-07,9.777e-11,-0.108497
286,257400,-1.83423e-07,9.47e-11,-0.151078
287,258300,-9.8588e-08,9.587e-11,0.113819
288,259200,-6.9025e-08,9.371e-11,0.025507
289,260100,4.8169e-08,1.0011e-10,0.06777
290,261000,4.4575e-08,9.576e-11,0.023965
291,261900,1.08872e-07,9.866e-11,0.002664
292,262800,1.91415e-07,9.391e-11,0.108436
293,263700,2.75574e-07,9.622e-11,0.227318
294,264600,3.42753e-07,9.809e-11,0.212036
295,265500,3.94263e-07,9.224e-11,0.245089
296,266400,4.39441e-07,8.494e-11,0.21893
297,267300,5.09528e-07,8.268e-11,0.244005
298,268200,5.32258e-07,7.328e-11,0.33872
299,269100,5.993e-07,7.087e-11,0.337861
300,270000,6.42916e-07,6.368e-11,0.351061
301,270900,6.80447e-07,6.389e-11,0.299492
302,271800,7.59873e-07,6.098e-11,0.229822
303,272700,7.84373e-07,5.313e-11,0.37156
304,273600,8.07722e-07,3.882e-11,0.277676
305,274500,8.72219e-07,5.211e-11,0.329554
306,275400,8.38267e-07,4.283e-11,0.176032
307,276300,8.92698e-07,2.578e-11,0.150406
308,277200,8.96597e-07,3.037e-11,0.190036
309,278100,9.39179e-07,1.276e-11,0.099223
310,279000,9.35267e-07,1.74e-11,0.136555
311,279900,9.79926e-07,2.76e-12,-0.097819
312,280800,9.3432e-07,7.11e-12,-0.020063
313,281700,9.54699e-07,1.67e-12,0.0241
314,282600,9.67928e-07,-1.452e-11,-0.084251
315,283500,9.5984e-07,-1.151e-11,-0.093682
316,284400,9.55291e-07,-2.004e-11,-0.208484
317,285300,9.33384e-07,-3.362e-11,-0.308433
318,286200,8.57621e-07,-4.336e-11,-0.185571
319,287100,8.69562e-07,-4.331e-11,-0.140459
320,288000,8.14969e-07,-5.014e-11,-0.244586
321,288900,7.90116e-07,-5.542e-11,-0.357161
322,289800,8.0078e-07,-6.428e-11,-0.188208
323,290700,7.34173e-07,-6.079e-11,-0.300099
324,291600,6.98578e-07,-7.363e-11,-0.294044
325,292500,6.61445e-07,-7.911e-11,-0.303686
326,293400,5.84439e-07,-6.784e-11,-0.294264
327,294300,5.7402e-07,-8.413e-11,-0.264199
328,295200,4.55257e-07,-8.884e-11,-0.249281
329,296100,4.53102e-07,-8.858e-11,-0.16882
330,297000,3.82147e-07,-8.425e-11,-0.215084
331,297900,3.59081e-07,-9.712e-11,-0.220952
332,298800,2.2096e-07,-8.494e-11,-0.109028
333,299700,1.69682e-07,-9.183e-11,-0.08042
334,300600,1.51286e-07,-1.0688e-10,-0.090914
335,301500,3.1508e-08,-1.0965e-10,0.013859
336,302400,-3.3409e-08,-9.63e-11,0.117989
337,303300,-9.8909e-08,-1.0189e-10,0.045091
338,304200,-1.31445e-07,-1.0198e-10,0.046098
339,305100,-1.91567e-07,-9.619e-11,0.012569
340,306000,-3.12404e-07,-8.909e-11,0.170096
341,306900,-3.64238e-07,-9.555e-11,0.18329
342,307800,-3.95164e-07,-9.918e-11,0.170085
343,308700,-4.61955e-07,-9.019e-11,0.266599
344,309600,-5.41634e-07,-8.482e-11,0.314387
345,310500,-5.73194e-07,-8.245e-11,0.27237
346,311400,-6.55774e-07,-7.97e-11,0.352763
347,312300,-6.89088e-07,-7.963e-11,0.272821
348,313200,-7.38359e-07,-7.258e-11,0.324265
349,314100,-7.69273e-07,-6.149e-11,0.368611
350,315000,-7.99484e-07,-6.555e-11,0.244601
351,315900,-8.548e-07,-5.781e-11,0.220248
352,316800,-8.99529e-07,-5.237e-11,0.226215
353,317700,-9.23789e-07,-3.834e-11,0.247968
354,318600,-8.89702e-07,-3.742e-11,0.197629
355,319500,-9.60942e-07,-3.086e-11,0.204391
356,320400,-9.37314e-07,-3.011e-11,0.192952
357,321300,-9.88201e-07,-2.736e-11,0.15334
358,322200,-9.8198e-07,-1.734e-11,0.077199
359,323100,-1.048991e-06,-1.283e-11,0.091559
360,324000,-1.026716e-06,-5.54e-12,0.011473
361,324900,-1.023778e-06,4.19e-12,-0.002192
362,325800,-1.025151e-06,8.53e-12,-0.069942
363,326700,-9.77161e-07,2.57e-11,-0.148058
364,327600,-9.63567e-07,2.196e-11,-0.05869
365,328500,-9.78587e-07,3.879e-11,-0.215453
366,329400,-8.96314e-07,4.122e-11,-0.262933
367,330300,-9.24128e-07,4.813e-11,-0.185374
368,331200,-8.83239e-07,5.022e-11,-0.22189
369,332100,-8.40411e-07,4.909e-11,-0.317813
370,333000,-8.00171e-07,6.695e-11,-0.208979
371,333900,-7.41125e-07,6.737e-11,-0.259993
372,334800,-7.21033e-07,6.994e-11,-0.341207
373,335700,-6.80703e-07,7.685e-11,-0.288158
374,336600,-5.8862e-07,8.207e-11,-0.277646
375,337500,-5.26412e-07,8.293e-11,-0.256519
376,338400,-4.97522e-07,8.845e-11,-0.226387
377,339300,-4.48699e-07,8.995e-11,-0.269186
378,340200,-3.78209e-07,8.676e-11,-0.148843
379,341100,-2.8741e-07,9.738e-11,-0.084019
380,342000,-2.49349e-07,1.1175e-10,-0.161376
381,342900,-1.70184e-07,9.609e-11,-0.096189
382,343800,-1.02022e-07,9.857e-11,0.01119
383,344700,-5.5087e-08,1.0114e-10,-0.084608
384,345600,5.897e-09,9.933e-11,-0.030412
385,346500,4.343e-08,1.1314e-10,0.025984
386,347400,9.7141e-08,9.565e-11,0.075067
387,348300,2.04399e-07,1.0085e-10,0.148636
388,349200,2.45679e-07,9.829e-11,0.106197
389,350100,3.0174e-07,9.01e-11,0.123209
390,351000,3.8511e-07,9.583e-11,0.260965
391,351900,4.24489e-07,9.357e-11,0.149942
392,352800,4.96317e-07,8.749e-11,0.291163
393,353700,5.44523e-07,7.821e-11,0.202262
394,354600,5.79382e-07,8.216e-11,0.324282
395,355500,6.1754e-07,7.028e-11,0.261272
396,356400,6.89315e-07,6.39e-11,0.228897
397,357300,7.25903e-07,6.637e-11,0.238404
398,358200,7.84188e-07,6.617e-11,0.224689
399,359100,8.16968e-07,6.068e-11,0.25625
400,360000,8.43281e-07,5.582e-11,0.244498
401,360900,9.08675e-07,4.637e-11,0.220864
402,361800,9.27289e-07,3.987e-11,0.263176
403,362700,9.2781e-07,3.235e-11,0.179553
404,363600,9.74461e-07,2.076e-11,0.200849
405,364500,9.83235e-07,1.292e-11,0.175218
406,365400,1.028662e-06,1.806e-11,0.148995
407,366300,9.9625e-07,-1.77e-12,-0.053048
408,367200,9.9182e-07,-2.96e-12,-0.045729
409,368100,9.7684e-07,-3.46e-12,-0.111796
410,369000,9.55292e-07,-5.5e-12,-0.13141
411,369900,9.59337e-07,-2.193e-11,-0.087515
412,370800,9.45638e-07,-2.218e-11,-0.104542
413,371700,8.85411e-07,-2.658e-11,-0.225263
414,372600,8.89158e-07,-3.698e-11,-0.187876
415,373500,8.64689e-07,-4.845e-11,-0.305499
416,374400,8.49995e-07,-4.907e-11,-0.202339
417,375300,8.03736e-07,-6.258e-11,-0.228857
418,376200,7.58762e-07,-5.917e-11,-0.322151
419,377100,7.64309e-07,-7.032e-11,-0.314305
420,378000,6.893e-07,-7.617e-11,-0.283474
421,378900,6.67441e-07,-7.764e-11,-0.277676
422,379800,5.26658e-07,-7.953e-11,-0.30543
423,380700,5.04683e-07,-7.774e-11,-0.293476
424,381600,4.57492e-07,-8.849e-11,-0.355648
425,382500,3.78901e-07,-8.488e-11,-0.343504
426,383400,3.30627e-07,-9.439e-11,-0.124951
427,384300,3.08685e-07,-9.748e-11,-0.117403
428,385200,2.08971e-07,-9.155e-11,-0.217944
429,386100,1.83482e-07,-1.0011e-10,-0.16623
430,387000,8.7907e-08,-9.776e-11,-0.102383
431,387900,4.058e-08,-1.027e-10,-0.008139
432,388800,-2.7713e-08,-1.003e-10,-0.022069
433,389700,-1.08085e-07,-9.703e-11,0.142248
434,390600,-1.52809e-07,-9.426e-11,0.232071
435,391500,-2.28867e-07,-9.566e-11,0.150006
436,392400,-3.25764e-07,-9.881e-11,0.124692
437,393300,-3.60601e-07,-9.556e-11,0.18954
438,394200,-4.1632e-07,-8.807e-11,0.204046
439,395100,-5.08935e-07,-8.401e-11,0.276701
440,396000,-5.86317e-07,-8.817e-11,0.268083
441,396900,-5.92543e-07,-7.86e-11,0.291359
442,397800,-6.47796e-07,-7.901e-11,0.256085
443,398700,-7.08707e-07,-7.509e-11,0.295699
444,399600,-7.90668e-07,-7.27e-11,0.30281
445,400500,-8.10702e-07,-6.717e-11,0.321833
446,401400,-8.62831e-07,-6.902e-11,0.272369
447,402300,-8.65743e-07,-4.712e-11,0.31627
448,403200,-9.39373e-07,-5.116e-11,0.272639
449,404100,-9.35387e-07,-4.153e-11,0.192154
450,405000,-9.65302e-07,-3.617e-11,0.253416
451,405900,-1.004022e-06,-3.387e-11,0.047438
452,406800,-1.009578e-06,-2.85e-11,0.099021
453,407700,-9.98311e-07,-1.979e-11,0.001844
454,408600,-1.007625e-06,-1.769e-11,0.10193
455,409500,-1.043186e-06,-6.39e-12,0.025
456,410400,-1.008247e-06,6.2e-13,-0.012758
457,411300,-1.047121e-06,-8.5e-13,-0.068352
458,412200,-1.008482e-06,1.001e-11,-0.046385
459,413100,-1.003371e-06,1.468e-11,-0.12871
460,414000,-9.7684e-07,2.751e-11,-0.056081
461,414900,-9.79906e-07,3.178e-11,-0.161322
462,415800,-9.51894e-07,3.577e-11,-0.289595
463,416700,-9.45e-07,3.886e-11,-0.324336
464,417600,-9.25437e-07,4.476e-11,-0.230618
465,418500,-8.65239e-07,5.104e-11,-0.290175
466,419400,-8.77775e-07,5.84e-11,-0.269829
467,420300,-7.72912e-07,6.237e-11,-0.244841
468,421200,-7.69462e-07,6.447e-11,-0.264517
469,422100,-6.62775e-07,7.765e-11,-0.299451
470,423000,-6.87778e-07,6.922e-11,-0.283307
471,423900,-5.9988e-07,7.762e-11,-0.273887
472,424800,-5.36268e-07,9.132e-11,-0.252978
473,425700,-4.55364e-07,8.973e-11,-0.243773
474,426600,-3.95945e-07,8.75e-11,-0.07141
475,427500,-3.50178e-07,9.66e-11,-0.156374
476,428400,-2.52201e-07,1.0056e-10,-0.230253
477,429300,-2.03655e-07,9.637e-11,-0.109447
478,430200,-1.92714e-07,1.0178e-10,-0.110214
479,431100,-8.7014e-08,9.837e-11,0.057093
480,432000,1.7146e-08,1.0023e-10,0.003199
481,432900,4.2601e-08,1.0532e-10,0.022712
482,433800,1.07224e-07,1.0404e-10,0.050731
483,434700,1.82364e-07,9.017e-11,0.150015
484,435600,2.85381e-07,1.002e-10,0.22309
485,436500,2.9141e-07,9.587e-11,0.13547
486,437400,3.61123e-07,9.625e-11,0.217223
487,438300,3.99183e-07,8.311e-11,0.168948
488,439200,4.90718e-07,9.692e-11,0.327931
489,440100,5.01868e-07,9.025e-11,0.323984
490,441000,5.67499e-07,7.782e-11,0.344554
491,441900,6.61831e-07,6.864e-11,0.327971
492,442800,6.54402e-07,6.96e-11,0.356898
493,443700,7.44522e-07,6.344e-11,0.341901
494,444600,8.0362e-07,6.743e-11,0.333495
495,445500,8.48546e-07,5.922e-11,0.29044
496,446400,8.54108e-07,4.881e-11,0.199189
497,447300,8.6238e-07,4.282e-11,0.250079
498,448200,9.27356e-07,3.806e-11,0.262306
499,449100,9.35701e-07,3.099e-11,0.212363
500,450000,9.35059e-07,3.249e-11,0.181792
501,450900,9.35455e-07,2.032e-11,0.197211
502,451800,9.62703e-07,1.529e-11,0.10494
503,452700,9.44496e-07,9.09e-12,-0.030534
504,453600,9.40035e-07,5.38e-12,0.017838
505,454500,9.41599e-07,-4.31e-12,-0.042162
506,455400,9.53628e-07,-9.77e-12,-0.114014
507,456300,9.45698e-07,-2.107e-11,-0.194085
508,457200,9.08825e-07,-1.804e-11,-0.130764
509,458100,8.84092e-07,-3.985e-11,-0.188237
510,459000,9.10932e-07,-3.92e-11,-0.146782
511,459900,8.58254e-07,-4.187e-11,-0.304792
512,460800,8.39616e-07,-5.167e-11,-0.216653
513,461700,7.69596e-07,-5.467e-11,-0.259564
514,462600,7.48636e-07,-5.885e-11,-0.303098
515,463500,6.98945e-07,-5.791e-11,-0.244986
516,464400,6.55318e-07,-6.787e-11,-0.337134
517,465300,5.95638e-07,-7.001e-11,-0.382638
518,466200,5.91774e-07,-8.06e-11,-0.300355
519,467100,5.36385e-07,-8.024e-11,-0.318481
520,468000,4.82124e-07,-8.604e-11,-0.32261
521,468900,4.02222e-07,-8.278e-11,-0.154176
522,469800,3.6704e-07,-9.834e-11,-0.187602
523,470700,3.0751e-07,-9.106e-11,-0.143381
524,471600,2.42157e-07,-9.695e-11,-0.180418
525,472500,1.30991e-07,-9.638e-11,-0.105502
526,473400,1.22812e-07,-1.0583e-10,-0.045395
527,474300,8.8286e-08,-9.939e-11,-0.042241
528,475200,-1.0737e-08,-8.984e-11,-0.051182
529,476100,-7.0432e-08,-1.0378e-10,0.011808
530,477000,-1.4242e-07,-9.241e-11,0.167695
531,477900,-2.01735e-07,-9.996e-11,0.239442
532,478800,-2.85221e-07,-9.945e-11,0.061253
533,479700,-3.09106e-07,-8.985e-11,0.303519
534,480600,-4.33891e-07,-8.51e-11,0.215639
535,481500,-4.46397e-07,-9.793e-11,0.31141
536,482400,-5.07194e-07,-8.68e-11,0.292063
537,483300,-5.88065e-07,-8.604e-11,0.253992
538,484200,-6.74972e-07,-7.503e-11,0.349357
539,485100,-7.06462e-07,-7.344e-11,0.284156
540,486000,-7.42063e-07,-7.385e-11,0.255829
541,486900,-7.76451e-07,-6.625e-11,0.398539
542,487800,-8.36841e-07,-6.551e-11,0.351125
543,488700,-8.64164e-07,-5.192e-11,0.336694
544,489600,-9.25659e-07,-5.064e-11,0.251235
545,490500,-9.70061e-07,-4.555e-11,0.304825
546,491400,-9.65489e-07,-4.5e-11,0.13434
547,492300,-9.65034e-07,-3.26e-11,0.150258
548,493200,-1.01927e-06,-3.327e-11,0.221155
549,494100,-1.033198e-06,-1.267e-11,0.117388
550,495000,-1.00548e-06,-1.177e-11,0.120307
551,495900,-1.023321e-06,-3.42e-12,0.056555
552,496800,-1.043018e-06,9.58e-12,-0.045347
553,497700,-1.025959e-06,6.61e-12,-0.019036
554,498600,-1.028656e-06,1.463e-11,-0.086088
555,499500,-1.042581e-06,1.956e-11,-0.169833
556,500400,-1.034538e-06,2.657e-11,-0.125606
557,501300,-9.75482e-07,3.498e-11,-0.279258
558,502200,-9.96408e-07,4.814e-11,-0.264492
559,503100,-9.34408e-07,4.079e-11,-0.234022
560,504000,-9.28796e-07,5.281e-11,-0.252969
561,504900,-8.8887e-07,5.031e-11,-0.263775
562,505800,-8.65786e-07,6.301e-11,-0.158454
563,506700,-7.76842e-07,6.953e-11,-0.301714
564,507600,-7.93387e-07,6.41e-11,-0.23586
565,508500,-7.18949e-07,7.169e-11,-0.305716
566,509400,-6.74609e-07,7.32e-11,-0.292301
567,510300,-6.21272e-07,7.944e-11,-0.316223
568,511200,-5.34682e-07,8.544e-11,-0.268736
569,512100,-4.74539e-07,8.898e-11,-0.251919
570,513000,-4.24704e-07,9.573e-11,-0.219486
571,513900,-3.71597e-07,9.078e-11,-0.225663
572,514800,-2.93895e-07,9.882e-11,-0.127235
573,515700,-2.44431e-07,9.831e-11,-0.079984
574,516600,-1.65833e-07,1.037e-10,-0.082685
575,517500,-9.8946e-08,1.0093e-10,-0.007539
576,518400,-4.896e-08,1.0124e-10,-0.036788
577,519300,3.1068e-08,1.1401e-10,0.020418
578,520200,8.2322e-08,9.691e-11,0.053245
579,521100,1.78172e-07,9.471e-11,0.091101
580,522000,1.67212e-07,9.28e-11,0.06458
581,522900,2.68437e-07,1.0869e-10,0.164294
582,523800,2.82241e-07,9.689e-11,0.175786
583,524700,3.95807e-07,8.828e-11,0.206415
584,525600,4.27545e-07,9.039e-11,0.248437
585,526500,4.86726e-07,8.215e-11,0.213571
586,527400,5.51909e-07,7.04e-11,0.267572
587,528300,6.05553e-07,7.67e-11,0.326949
588,529200,6.38003e-07,7.656e-11,0.346235
589,530100,7.01015e-07,7.057e-11,0.334955
590,531000,7.18705e-07,5.416e-11,0.310796
591,531900,7.77777e-07,6.101e-11,0.230348
592,532800,7.92389e-07,5.23e-11,0.256249
593,533700,7.95391e-07,4.61e-11,0.145385
594,534600,8.34803e-07,4.503e-11,0.303376
595,535500,8.50327e-07,3.05e-11,0.18476
596,536400,9.26658e-07,2.342e-11,0.126156
597,537300,9.4093e-07,1.764e-11,0.150915
598,538200,8.92281e-07,1.22e-11,-0.005334
599,539100,8.98254e-07,1.074e-11,0.036663
600,540000,9.17699e-07,-3.74e-12,-0.011033
601,540900,9.25074e-07,-1.63e-12,-0.170415
602,541800,9.02375e-07,-1.226e-11,-0.082589
603,542700,9.1328e-07,-1.817e-11,-0.130048
604,543600,8.76633e-07,-2.711e-11,-0.092563
605,544500,8.5624e-07,-3.246e-11,-0.173461
606,545400,8.82851e-07,-3.977e-11,-0.164192
607,546300,8.51518e-07,-4.455e-11,-0.248542
608,547200,7.81022e-07,-5.128e-11,-0.217096
609,548100,7.60357e-07,-5.438e-11,-0.333425
610,549000,6.93099e-07,-5.016e-11,-0.298669
611,549900,6.56617e-07,-5.878e-11,-0.283343
612,550800,6.31823e-07,-7.14e-11,-0.315934
613,551700,5.71339e-07,-8.21e-11,-0.30183
614,552600,5.26034e-07,-7.008e-11,-0.285478
615,553500,4.13826e-07,-8.362e-11,-0.140189
616,554400,4.25835e-07,-9.066e-11,-0.230252
617,555300,3.37165e-07,-9.646e-11,-0.255424
618,556200,2.9116e-07,-1.0175e-10,-0.26959
619,557100,2.35549e-07,-9.673e-11,-0.162888
620,558000,1.46225e-07,-9.302e-11,-0.209188
621,558900,1.39805e-07,-1.0666e-10,-0.169433
622,559800,5.2078e-08,-9.082e-11,-0.061894
623,560700,-1.3234e-08,-9.97e-11,-0.090478
624,561600,-9.7341e-08,-1.0606e-10,-0.063935
625,562500,-1.47574e-07,-1.054e-10,0.055136
626,563400,-2.48827e-07,-9.766e-11,0.053212
627,564300,-2.52409e-07,-9.646e-11,0.176594
628,565200,-3.64586e-07,-9.631e-11,0.100946
629,566100,-4.32429e-07,-9.6e-11,0.146336
630,567000,-5.01656e-07,-9.946e-11,0.095145
631,567900,-5.45332e-07,-8.655e-11,0.158081
632,568800,-6.11305e-07,-7.765e-11,0.227983
633,569700,-6.42776e-07,-7.994e-11,0.31029
634,570600,-7.34387e-07,-8.049e-11,0.208866
635,571500,-7.0703e-07,-8.316e-11,0.245041
636,572400,-8.25479e-07,-7.819e-11,0.36763
637,573300,-8.06518e-07,-6.831e-11,0.231412
638,574200,-9.38321e-07,-6.21e-11,0.273959
639,575100,-9.42102e-07,-5.445e-11,0.296923
640,576000,-9.64642e-07,-5.158e-11,0.204727
641,576900,-9.85139e-07,-4.417e-11,0.282424
642,577800,-9.99397e-07,-4.538e-11,0.140421
643,578700,-1.0525e-06,-3.743e-11,0.220391
644,579600,-1.051046e-06,-2.039e-11,0.169824
645,580500,-1.069468e-06,-1.351e-11,0.138291
646,581400,-1.079862e-06,-5.65e-12,0.083405
647,582300,-1.102379e-06,-1.073e-11,0.074309
648,583200,-1.07287e-06,-2.5e-13,0.065396
649,584100,-1.136823e-06,6.26e-12,-0.041163
650,585000,-1.096309e-06,2.497e-11,-0.080955
651,585900,-1.080135e-06,1.964e-11,-0.214946
652,586800,-1.063979e-06,3.08e-11,-0.181447
653,587700,-1.051882e-06,3.869e-11,-0.115616
654,588600,-9.98978e-07,3.599e-11,-0.224106
655,589500,-9.96797e-07,3.926e-11,-0.290227
656,590400,-9.66573e-07,4.483e-11,-0.337993
657,591300,-9.14381e-07,5.673e-11,-0.192124
658,592200,-8.87957e-07,6.236e-11,-0.274142
659,593100,-8.39772e-07,6.966e-11,-0.258672
660,594000,-7.91874e-07,6.943e-11,-0.317877
661,594900,-7.78104e-07,7.115e-11,-0.328534
662,595800,-7.27156e-07,8.153e-11,-0.229946
663,596700,-6.71359e-07,8.456e-11,-0.328869
664,597600,-6.04134e-07,8.315e-11,-0.229713
665,598500,-5.62428e-07,9.475e-11,-0.250292
666,599400,-5.10317e-07,8.612e-11,-0.199472
667,600300,-4.15766e-07,9.606e-11,-0.070687
668,601200,-3.45068e-07,9.505e-11,-0.165901
669,602100,-3.13365e-07,9.389e-11,-0.056491
670,603000,-2.47039e-07,1.0043e-10,-0.043298
671,603900,-1.53329e-07,1.0064e-10,-0.04481
672,604800,-9.5778e-08,1.0484e-10,-0.016049
673,605700,-6.7029e-08,1.0076e-10,0.057249
674,606600,-2.4963e-08,9.143e-11,0.033276
675,607500,4.9185e-08,9.486e-11,0.146541
676,608400,1.40743e-07,9.757e-11,0.088785
677,609300,1.9961e-07,9.763e-11,0.212376
678,610200,2.57534e-07,9.32e-11,0.322074
679,611100,3.30444e-07,8.622e-11,0.229318
680,612000,3.94435e-07,8.585e-11,0.25824
681,612900,4.22418e-07,7.833e-11,0.269697
682,613800,5.07432e-07,7.65e-11,0.280927
683,614700,5.59935e-07,7.963e-11,0.292473
684,615600,6.12281e-07,6.8e-11,0.328605
685,616500,6.54151e-07,7.026e-11,0.333106
686,617400,7.03878e-07,6.038e-11,0.302025
687,618300,7.58982e-07,5.23e-11,0.245743
688,619200,7.73602e-07,5.208e-11,0.218602
689,620100,7.97202e-07,4.376e-11,0.127242
690,621000,8.22882e-07,3.748e-11,0.204117
691,621900,8.77414e-07,2.606e-11,0.141397
692,622800,8.20608e-07,2.348e-11,0.130218
693,623700,8.66253e-07,2.505e-11,0.157836
694,624600,8.84536e-07,1.12e-11,0.128955
695,625500,8.85085e-07,2.45e-12,-0.046655
696,626400,8.67193e-07,3.77e-12,0.113827
697,627300,8.70293e-07,-1.037e-11,-0.098406
698,628200,8.6911e-07,-2.188e-11,-0.050128
699,629100,8.6276e-07,-1.733e-11,-0.125788
700,630000,8.4841e-07,-2.503e-11,-0.188906
701,630900,8.53898e-07,-3.39e-11,-0.143841
702,631800,7.40313e-07,-3.189e-11,-0.138694
703,632700,7.6199e-07,-4.144e-11,-0.21008
704,633600,7.22936e-07,-4.726e-11,-0.300239
705,634500,6.84181e-07,-4.992e-11,-0.228431
706,635400,6.3956e-07,-6.454e-11,-0.322058
707,636300,6.29619e-07,-7.093e-11,-0.279598
708,637200,5.84063e-07,-7.115e-11,-0.249497
709,638100,5.18516e-07,-7.625e-11,-0.346296
710,639000,4.94293e-07,-8.317e-11,-0.272289
711,639900,4.22841e-07,-8.841e-11,-0.307619
712,640800,3.91179e-07,-8.559e-11,-0.310265
713,641700,3.11856e-07,-9.042e-11,-0.065304
714,642600,2.50793e-07,-9.429e-11,-0.141131
715,643500,1.40947e-07,-9.422e-11,-0.082907
716,644400,1.05006e-07,-1.0526e-10,-0.169796
717,645300,7.612e-08,-9.62e-11,-0.156748
718,646200,-3.2994e-08,-1.0194e-10,-0.059586
719,647100,-6.276e-08,-9.452e-11,-0.016357
720,648000,-1.82041e-07,-1.0664e-10,0.026663
721,648900,-2.4208e-07,-1.0091e-10,0.054365
722,649800,-3.14449e-07,-1.0427e-10,0.07294
723,650700,-3.53672e-07,-9.277e-11,0.145158
724,651600,-4.30615e-07,-1.0032e-10,0.096455
725,652500,-4.9762e-07,-9.264e-11,0.19946
726,653400,-5.89232e-07,-9.632e-11,0.272357
727,654300,-6.01418e-07,-9.677e-11,0.355797
728,655200,-6.66993e-07,-8.468e-11,0.279784
729,656100,-7.34934e-07,-8.678e-11,0.383248
730,657000,-7.5847e-07,-7.523e-11,0.318592
731,657900,-8.48894e-07,-6.88e-11,0.255277
732,658800,-8.68179e-07,-7.891e-11,0.197957
733,659700,-9.1315e-07,-6.998e-11,0.197975
734,660600,-9.48827e-07,-5.028e-11,0.359256
735,661500,-1.002111e-06,-5.551e-11,0.321549
736,662400,-1.005189e-06,-5.172e-11,0.261517
737,663300,-1.048432e-06,-4.146e-11,0.231352
738,664200,-1.091952e-06,-3.137e-11,0.272608
739,665100,-1.114289e-06,-2.355e-11,0.163306
740,666000,-1.105364e-06,-2.317e-11,0.313551
741,666900,-1.170594e-06,-2.296e-11,0.135745
742,667800,-1.154563e-06,-3.3e-12,0.044227
743,668700,-1.160122e-06,-7.3e-13,0.07439
744,669600,-1.199086e-06,7.04e-12,0.061466
745,670500,-1.16108e-06,7.56e-12,-0.027852
746,671400,-1.159244e-06,1.626e-11,-0.076089
747,672300,-1.161399e-06,1.427e-11,-0.152407
748,673200,-1.126985e-06,2.575e-11,-0.139233
749,674100,-1.106881e-06,2.901e-11,-0.109345
750,675000,-1.099144e-06,3.61e-11,-0.188013
751,675900,-1.105009e-06,4.028e-11,-0.188952
752,676800,-1.077255e-06,5.559e-11,-0.184251
753,677700,-1.005096e-06,5.702e-11,-0.22121
754,678600,-9.60001e-07,6.522e-11,-0.323335
755,679500,-9.13024e-07,6.194e-11,-0.280301
756,680400,-8.40183e-07,6.979e-11,-0.363562
757,681300,-8.32961e-07,7.716e-11,-0.205228
758,682200,-7.4965e-07,7.74e-11,-0.251469
759,683100,-7.0691e-07,8.126e-11,-0.325087
760,684000,-6.12133e-07,7.391e-11,-0.219915
761,684900,-5.88688e-07,8.764e-11,-0.15339
762,685800,-5.30391e-07,8.899e-11,-0.218652
763,686700,-4.43403e-07,9.248e-11,-0.261321
764,687600,-4.04669e-07,1.03e-10,-0.146261
765,688500,-3.23523e-07,9.677e-11,-0.14778
766,689400,-2.34011e-07,9.82e-11,-0.099814
767,690300,-1.83297e-07,9.617e-11,-0.068894
768,691200,-1.46011e-07,1e-10,0.012981
769,692100,-3.0571e-08,1.0147e-10,-0.079745
770,693000,7.89e-09,9.933e-11,0.079818
771,693900,7.7643e-08,9.794e-11,0.112174
772,694800,1.4999e-07,9.388e-11,0.102616
773,695700,2.67578e-07,9.111e-11,0.187636
774,696600,2.38494e-07,9.297e-11,0.165471
775,697500,3.20177e-07,9.491e-11,0.261606
776,698400,3.92638e-07,7.775e-11,0.351652
777,699300,4.14987e-07,9.079e-11,0.328241
778,700200,5.03865e-07,7.506e-11,0.297357
779,701100,5.26971e-07,7.533e-11,0.28494
780,702000,5.43122e-07,7.632e-11,0.295945
781,702900,6.18533e-07,6.313e-11,0.315356
782,703800,6.60855e-07,4.96e-11,0.310134
783,704700,7.31699e-07,5.456e-11,0.219769
784,705600,7.57709e-07,4.268e-11,0.208446
785,706500,7.73008e-07,4.845e-11,0.219875
786,707400,8.06292e-07,4.804e-11,0.229755
787,708300,8.44065e-07,3.03e-11,0.15281
788,709200,8.07141e-07,3.073e-11,0.172415
789,710100,8.6139e-07,1.882e-11,0.151612
790,711000,8.40808e-07,1.01e-11,0.020831
791,711900,9.07495e-07,1.092e-11,-0.070977
792,712800,8.46487e-07,-6.6e-13,-0.023622
793,713700,8.5009e-07,3.18e-12,-0.023531
794,714600,8.70726e-07,-1.651e-11,-0.041532
795,715500,8.42348e-07,-2.093e-11,-0.084255
796,716400,8.07496e-07,-1.79e-11,-0.140881
797,717300,8.51995e-07,-3.752e-11,-0.228787
798,718200,7.85217e-07,-3.702e-11,-0.208833
799,719100,7.72354e-07,-4.93e-11,-0.301336
800,720000,7.456e-07,-5.233e-11,-0.294088
801,720900,7.37538e-07,-5.597e-11,-0.213662
802,721800,6.59537e-07,-5.965e-11,-0.292552
803,722700,5.96633e-07,-5.879e-11,-0.304191
804,723600,6.07217e-07,-7.447e-11,-0.308242
805,724500,5.32691e-07,-6.9e-11,-0.281863
806,725400,5.06123e-07,-7.254e-11,-0.231961
807,726300,4.54677e-07,-9.026e-11,-0.311948
808,727200,3.62127e-07,-8.296e-11,-0.251275
809,728100,2.97769e-07,-9.063e-11,-0.312712
810,729000,2.639e-07,-1.0066e-10,-0.185691
811,729900,2.08389e-07,-8.515e-11,-0.140235
812,730800,1.31016e-07,-9.25e-11,-0.219883
813,731700,5.3976e-08,-9.641e-11,-0.222718
814,732600,4.778e-09,-1.0425e-10,-0.07258
815,733500,-7.9599e-08,-9.766e-11,-0.038191
816,734400,-9.745e-08,-9.997e-11,-0.038432
817,735300,-1.94578e-07,-1.0651e-10,0.059465
818,736200,-2.416e-07,-8.68e-11,0.046554
819,737100,-3.29015e-07,-1.0096e-10,0.125411
820,738000,-3.8216e-07,-9.686e-11,0.204316
821,738900,-4.57565e-07,-8.976e-11,0.209553
822,739800,-5.1252e-07,-9.396e-11,0.333465
823,740700,-5.98808e-07,-8.82e-11,0.200495
824,741600,-6.13776e-07,-8.217e-11,0.22589
825,742500,-6.94661e-07,-8.186e-11,0.251333
826,743400,-7.42787e-07,-7.739e-11,0.300563
827,744300,-8.09961e-07,-7.303e-11,0.308903
828,745200,-8.4963e-07,-7.392e-11,0.384688
829,746100,-9.29918e-07,-6.38e-11,0.281421
830,747000,-9.13252e-07,-6.539e-11,0.253015
831,747900,-9.98149e-07,-5.394e-11,0.208511
832,748800,-1.028518e-06,-6.076e-11,0.271829
833,749700,-1.061698e-06,-5.167e-11,0.292286
834,750600,-1.108618e-06,-3.428e-11,0.17708
835,751500,-1.077956e-06,-2.84e-11,0.132226
836,752400,-1.148956e-06,-2.285e-11,0.136881
837,753300,-1.141723e-06,-1.315e-11,0.077371
838,754200,-1.137983e-06,-8.28e-12,0.118102
839,755100,-1.151095e-06,-7.98e-12,-0.047783
840,756000,-1.161643e-06,1.59e-12,-0.006894
841,756900,-1.136701e-06,1.174e-11,-0.098524
842,757800,-1.12774e-06,1.4e-11,-0.112854
843,758700,-1.084194e-06,2.405e-11,-0.100298
844,759600,-1.061424e-06,1.839e-11,-0.150386
845,760500,-1.069159e-06,2.757e-11,-0.167593
846,761400,-1.059673e-06,4.172e-11,-0.15924
847,762300,-1.000831e-06,3.496e-11,-0.286346
848,763200,-9.67673e-07,5.011e-11,-0.394508
849,764100,-9.14709e-07,5.624e-11,-0.318118
850,765000,-8.8336e-07,5.749e-11,-0.3242
851,765900,-8.57027e-07,7.484e-11,-0.216254
852,766800,-8.07724e-07,7.302e-11,-0.260425
853,767700,-7.92141e-07,7.84e-11,-0.334137
854,768600,-7.08655e-07,7.82e-11,-0.264717
855,769500,-6.59401e-07,6.778e-11,-0.268219
856,770400,-5.91667e-07,8.883e-11,-0.264937
857,771300,-5.11831e-07,9.124e-11,-0.216122
858,772200,-4.73864e-07,9.42e-11,-0.257033
859,773100,-4.78944e-07,9.231e-11,-0.144581
860,774000,-3.79528e-07,1.006e-10,-0.142564
861,774900,-2.90188e-07,9.66e-11,-0.091424
862,775800,-2.41559e-07,1.0665e-10,-0.162978
863,776700,-1.95302e-07,1.0403e-10,0.038137
864,777600,-1.19397e-07,9.854e-11,0.037856
865,778500,-3.7266e-08,9.799e-11,0.055673
866,779400,2.7382e-08,1.086e-10,0.114776
867,780300,6.7184e-08,9.781e-11,0.142675
868,781200,1.24792e-07,9.754e-11,0.097106
869,782100,2.15434e-07,8.899e-11,0.161023
870,783000,2.54083e-07,1.0234e-10,0.190998
871,783900,2.93377e-07,8.693e-11,0.320951
872,784800,3.11783e-07,8.159e-11,0.396372
873,785700,4.35733e-07,7.762e-11,0.275068
874,786600,4.68996e-07,8.357e-11,0.381753
875,787500,5.16209e-07,7.249e-11,0.336788
876,788400,5.42172e-07,6.554e-11,0.212005
877,789300,5.68463e-07,6.145e-11,0.238544
878,790200,6.47027e-07,5.488e-11,0.132594
879,791100,6.5786e-07,5.32e-11,0.246891
880,792000,7.44812e-07,4.693e-11,0.303854
881,792900,7.49628e-07,4.402e-11,0.196237
882,793800,7.70283e-07,3.444e-11,0.220633
883,794700,7.83925e-07,2.742e-11,0.232223
884,795600,8.10715e-07,2.364e-11,0.157275
885,796500,8.16806e-07,1.517e-11,0.11833
886,797400,8.22947e-07,8.33e-12,-0.003493
887,798300,8.32452e-07,9.38e-12,0.004425
888,799200,8.79671e-07,4.43e-12,0.065217
889,800100,8.34501e-07,2.72e-12,-0.078508
890,801000,7.56802e-07,-1.528e-11,-0.049735
891,801900,7.97599e-07,-1.813e-11,-0.04876
892,802800,7.85308e-07,-2.189e-11,-0.196978
893,803700,7.36956e-07,-2.407e-11,-0.177583
894,804600,7.2179e-07,-4.138e-11,-0.244588
895,805500,6.98316e-07,-5.064e-11,-0.313027
896,806400,6.74367e-07,-5.296e-11,-0.20445
897,807300,6.45262e-07,-5.423e-11,-0.31432
898,808200,6.01258e-07,-5.907e-11,-0.253968
899,809100,5.52609e-07,-6.054e-11,-0.297034
900,810000,5.27559e-07,-7.316e-11,-0.390629
901,810900,4.69821e-07,-7.156e-11,-0.268666
902,811800,4.21576e-07,-8.108e-11,-0.330115
903,812700,3.78917e-07,-8.101e-11,-0.305209
904,813600,3.31389e-07,-9.102e-11,-0.288984
905,814500,2.9452e-07,-8.534e-11,-0.255906
906,815400,2.06806e-07,-9.161e-11,-0.349413
907,816300,1.153e-07,-9.495e-11,-0.200459
908,817200,7.6101e-08,-9.095e-11,-0.166077
909,818100,-1.9104e-08,-9.645e-11,-0.131136
910,819000,-6.9395e-08,-1.006e-10,0.034446
911,819900,-1.74226e-07,-1.0173e-10,-0.039342
912,820800,-2.0766e-07,-9.55e-11,0.040663
913,821700,-2.61506e-07,-1.0114e-10,0.03356
914,822600,-3.22833e-07,-9.954e-11,0.068246
915,823500,-3.74465e-07,-9.431e-11,0.053292
916,824400,-4.57074e-07,-1.0534e-10,0.19332
917,825300,-4.91028e-07,-9.217e-11,0.111154
918,826200,-5.14762e-07,-9.543e-11,0.220542
919,827100,-6.02383e-07,-9.462e-11,0.21069
920,828000,-6.75188e-07,-7.232e-11,0.274864
921,828900,-7.06549e-07,-7.712e-11,0.295564
922,829800,-8.11055e-07,-7.404e-11,0.214872
923,830700,-8.12696e-07,-7.418e-11,0.164922
924,831600,-9.00115e-07,-6.744e-11,0.288149
925,832500,-9.14327e-07,-7.018e-11,0.232134
926,833400,-9.72418e-07,-6.072e-11,0.272359
927,834300,-9.82491e-07,-5.981e-11,0.292822
928,835200,-1.041394e-06,-5.778e-11,0.193856
929,836100,-1.072984e-06,-3.432e-11,0.266969
930,837000,-1.134712e-06,-5.382e-11,0.248785
931,837900,-1.122932e-06,-2.644e-11,0.138593
932,838800,-1.127173e-06,-2.165e-11,0.127627
933,839700,-1.149321e-06,-1.938e-11,0.141939
934,840600,-1.150198e-06,-8.18e-12,0.054549
935,841500,-1.179945e-06,3.34e-12,0.008926
936,842400,-1.172642e-06,-3.3e-13,0.003359
937,843300,-1.167305e-06,6.45e-12,-0.041146
938,844200,-1.144959e-06,1.27e-12,0.016398
939,845100,-1.136412e-06,2.241e-11,-0.18371
940,846000,-1.126969e-06,2.252e-11,-0.076514
941,846900,-1.105837e-06,3.593e-11,-0.215149
942,847800,-1.077669e-06,3.704e-11,-0.14794
943,848700,-1.073405e-06,3.765e-11,-0.335371
944,849600,-1.025064e-06,4.594e-11,-0.340532
945,850500,-9.8522e-07,4.548e-11,-0.328063
946,851400,-9.06733e-07,6.289e-11,-0.280404
947,852300,-9.23937e-07,5.825e-11,-0.354391
948,853200,-8.58098e-07,7.505e-11,-0.254882
949,854100,-8.15102e-07,7.15e-11,-0.296206
950,855000,-7.92174e-07,7.833e-11,-0.187921
951,855900,-7.65537e-07,8.197e-11,-0.216576
952,856800,-7.01657e-07,8.338e-11,-0.28626
953,857700,-6.24906e-07,8.171e-11,-0.208242
954,858600,-5.5107e-07,9.493e-11,-0.255651
955,859500,-4.94569e-07,9.02e-11,-0.199258
956,860400,-3.93029e-07,9.707e-11,-0.209376
957,861300,-3.57549e-07,9.132e-11,-0.174756
958,862200,-3.17423e-07,9.692e-11,-0.030797
959,863100,-2.1787e-07,1.024e-10,-0.094104
960,864000,-1.66776e-07,1.0136e-10,-0.031416
961,864900,-9.5459e-08,1.0199e-10,0.021719
962,865800,-2.5259e-08,1.0711e-10,0.069053
963,866700,5.7822e-08,1.0088e-10,0.041443
964,867600,7.5743e-08,9.242e-11,0.107258
965,868500,1.51777e-07,9.777e-11,0.245386
966,869400,2.19711e-07,9.016e-11,0.10802
967,870300,2.70853e-07,8.982e-11,0.247152
968,871200,3.73899e-07,9.281e-11,0.299061
969,872100,3.68276e-07,8.058e-11,0.272422
970,873000,4.23787e-07,8.184e-11,0.307623
971,873900,4.67582e-07,8.117e-11,0.302549
972,874800,5.03644e-07,7.045e-11,0.31406
973,875700,6.05498e-07,6.425e-11,0.33883
974,876600,6.263e-07,5.43e-11,0.219019
975,877500,6.77917e-07,6.154e-11,0.293309
976,878400,7.25459e-07,5.528e-11,0.293989
977,879300,7.06104e-07,5.289e-11,0.264821
978,880200,7.36536e-07,3.493e-11,0.224971
979,881100,7.36101e-07,3.564e-11,0.13495
980,882000,7.98247e-07,2.327e-11,0.136779
981,882900,7.82903e-07,1.87e-11,0.209274
982,883800,8.37549e-07,1.483e-11,0.076381
983,884700,8.36824e-07,1.219e-11,-0.002333
984,885600,8.22404e-07,-9.11e-12,0.056155
985,886500,8.66272e-07,-6.14e-12,-0.145408
986,887400,8.23714e-07,-1.757e-11,-0.110813
987,888300,8.15064e-07,-1.824e-11,-0.13921
988,889200,7.73167e-07,-2.525e-11,-0.170473
989,890100,7.42565e-07,-3.381e-11,-0.165649
990,891000,7.4249e-07,-4.534e-11,-0.162679
991,891900,6.71665e-07,-4.646e-11,-0.269016
992,892800,7.0753e-07,-4.719e-11,-0.203469
993,893700,6.62336e-07,-5.262e-11,-0.267373
994,894600,6.03689e-07,-5.137e-11,-0.361717
995,895500,6.06559e-07,-6.398e-11,-0.283652
996,896400,5.47379e-07,-6.657e-11,-0.378018
997,897300,5.08799e-07,-7.8e-11,-0.331298
998,898200,4.6876e-07,-7.395e-11,-0.306941
999,899100,4.26726e-07,-8.29e-11,-0.3218
1000,900000,3.50087e-07,-8.81e-11,-0.294641
1001,900900,3.02458e-07,-8.851e-11,-0.317538
1002,901800,1.9918e-07,-9.026e-11,-0.252896
1003,902700,1.80177e-07,-9.079e-11,-0.246176
1004,903600,8.33e-08,-8.822e-11,-0.132421
1005,904500,4.1118e-08,-1.0275e-10,-0.140327
1006,905400,-3.5522e-08,-9.473e-11,-0.116483
1007,906300,-5.6837e-08,-1.0179e-10,-0.091325
1008,907200,-1.48856e-07,-1.1312e-10,-0.006038
1009,908100,-2.07241e-07,-9.566e-11,-0.055157
1010,909000,-2.51899e-07,-9.504e-11,0.140248
1011,909900,-3.33543e-07,-9.301e-11,0.041243
1012,910800,-3.8446e-07,-1.0045e-10,0.06743
1013,911700,-4.921e-07,-9.467e-11,0.141413
1014,912600,-5.28565e-07,-1.0143e-10,0.105777
1015,913500,-5.73349e-07,-8.517e-11,0.185541
1016,914400,-6.58307e-07,-8.151e-11,0.280768
1017,915300,-7.12222e-07,-7.767e-11,0.240628
1018,916200,-7.69438e-07,-7.942e-11,0.27614
1019,917100,-8.25344e-07,-7.482e-11,0.299154
1020,918000,-8.84578e-07,-6.67e-11,0.251181
1021,918900,-9.11127e-07,-6.741e-11,0.315339
1022,919800,-9.88609e-07,-5.642e-11,0.255928
1023,920700,-9.56863e-07,-5.795e-11,0.274722
1024,921600,-9.88082e-07,-5.139e-11,0.32175
1025,922500,-1.058246e-06,-4.215e-11,0.241504
1026,923400,-1.079978e-06,-4.17e-11,0.16293
1027,924300,-1.132577e-06,-3.165e-11,0.171587
1028,925200,-1.124619e-06,-1.936e-11,0.101208
1029,926100,-1.163135e-06,-2.669e-11,0.216324
1030,927000,-1.147084e-06,-1.065e-11,0.010635
1031,927900,-1.158601e-06,-3.99e-12,0.02652
1032,928800,-1.141706e-06,1.156e-11,-0.047353
1033,929700,-1.179095e-06,2.15e-12,0.041152
1034,930600,-1.134032e-06,1.237e-11,-0.075818
1035,931500,-1.160557e-06,2.396e-11,-0.1338
1036,932400,-1.129638e-06,2.893e-11,-0.1594
1037,933300,-1.112929e-06,3.22e-11,-0.142861
1038,934200,-1.048221e-06,4.12e-11,-0.171966
1039,935100,-1.054754e-06,4.069e-11,-0.205307
1040,936000,-1.021259e-06,4.289e-11,-0.276211
1041,936900,-9.86916e-07,5.3e-11,-0.203077
1042,937800,-9.34052e-07,6.774e-11,-0.276606
1043,938700,-8.99998e-07,6.125e-11,-0.296837
1044,939600,-8.60443e-07,6.388e-11,-0.326976
1045,940500,-8.23705e-07,7.725e-11,-0.274366
1046,941400,-7.8097e-07,8.168e-11,-0.298882
1047,942300,-7.70832e-07,8.072e-11,-0.223214
1048,943200,-6.96283e-07,8.717e-11,-0.180545
1049,944100,-6.17961e-07,8.97e-11,-0.303207
1050,945000,-5.16807e-07,9.197e-11,-0.209801
1051,945900,-4.62042e-07,9.8e-11,-0.22641
1052,946800,-4.38905e-07,9.907e-11,-0.181206
1053,947700,-3.9235e-07,9.781e-11,-0.188816
1054,948600,-2.60002e-07,1.0003e-10,-0.122904
1055,949500,-2.33817e-07,9.034e-11,-0.094131
1056,950400,-1.33366e-07,1.1116e-10,0.03632
1057,951300,-8.8074e-08,9.763e-11,-0.008667
1058,952200,2.0677e-08,9.82e-11,0.183427
1059,953100,7.414e-08,8.937e-11,0.081507
1060,954000,9.5849e-08,9.619e-11,0.146984
1061,954900,2.39045e-07,8.931e-11,0.194077
1062,955800,2.50412e-07,9.238e-11,0.217641
1063,956700,2.82452e-07,9.022e-11,0.263576
1064,957600,3.6439e-07,8.945e-11,0.330438
1065,958500,4.31846e-07,8.35e-11,0.218576
1066,959400,4.48938e-07,7.824e-11,0.302395
1067,960300,5.04231e-07,7.051e-11,0.238024
1068,961200,5.35761e-07,6.954e-11,0.226517
1069,962100,5.9312e-07,6.397e-11,0.230638
1070,963000,6.61255e-07,6.458e-11,0.262306
1071,963900,6.77462e-07,5.824e-11,0.241464
1072,964800,7.03958e-07,5.598e-11,0.304017
1073,965700,7.54527e-07,4.886e-11,0.139142
1074,966600,7.92015e-07,4.023e-11,0.262671
1075,967500,7.96866e-07,3.239e-11,0.168863
1076,968400,8.22056e-07,2.432e-11,0.193394
1077,969300,8.1189e-07,1.68e-11,0.217046
1078,970200,8.38824e-07,1.186e-11,0.033517
1079,971100,8.71653e-07,2.86e-12,0.029877
1080,972000,8.85273e-07,-3.49e-12,0.039431
1081,972900,8.81843e-07,-1.27e-12,-0.032131
1082,973800,9.25973e-07,-7.78e-12,-0.061402
1083,974700,8.33279e-07,-1.999e-11,-0.043489
1084,975600,8.70681e-07,-1.849e-11,-0.11074
1085,976500,7.90339e-07,-2.971e-11,-0.244699
1086,977400,7.55662e-07,-3.707e-11,-0.185972
1087,978300,7.68754e-07,-4.174e-11,-0.211427
1088,979200,7.03412e-07,-5.052e-11,-0.335163
1089,980100,6.47099e-07,-5.185e-11,-0.31482
1090,981000,6.63519e-07,-5.533e-11,-0.320744
1091,981900,6.16405e-07,-6.924e-11,-0.389727
1092,982800,5.66306e-07,-7.307e-11,-0.322004
1093,983700,5.56488e-07,-8.281e-11,-0.27829
1094,984600,4.4322e-07,-7.479e-11,-0.274856
1095,985500,4.23643e-07,-8.787e-11,-0.315443
1096,986400,3.86927e-07,-7.775e-11,-0.235792
1097,987300,2.95195e-07,-8.799e-11,-0.116632
1098,988200,2.60455e-07,-8.508e-11,-0.249149
1099,989100,2.02531e-07,-9.16e-11,-0.162762
1100,990000,1.31075e-07,-1.0064e-10,-0.100586
1101,990900,1.09575e-07,-9.052e-11,-0.024609
1102,991800,2.6864e-08,-1.007e-10,-0.010096
1103,992700,-2.4091e-08,-1.047e-10,-0.09084
1104,993600,-9.9404e-08,-1.0089e-10,-0.001321
1105,994500,-1.49691e-07,-9.599e-11,0.105652
1106,995400,-2.81675e-07,-9.788e-11,0.11238
1107,996300,-3.42113e-07,-1.0135e-10,0.072781
1108,997200,-3.68358e-07,-8.845e-11,0.251129
1109,998100,-4.43497e-07,-9.206e-11,0.210568
1110,999000,-4.73266e-07,-9.039e-11,0.227319
1111,999900,-5.08231e-07,-8.417e-11,0.184998
1112,1000800,-5.8954e-07,-8.214e-11,0.275556
1113,1001700,-6.39599e-07,-8.221e-11,0.287187
1114,1002600,-7.12483e-07,-8.943e-11,0.285758
1115,1003500,-7.78463e-07,-8.112e-11,0.369134
1116,1004400,-7.97106e-07,-7.086e-11,0.27176
1117,1005300,-8.47806e-07,-6.098e-11,0.256085
1118,1006200,-8.93579e-07,-5.654e-11,0.192978
1119,1007100,-9.37694e-07,-5.77e-11,0.270472
1120,1008000,-9.78879e-07,-4.931e-11,0.355989
1121,1008900,-1.006157e-06,-4.277e-11,0.337743
1122,1009800,-1.041434e-06,-2.919e-11,0.212398
1123,1010700,-1.019026e-06,-2.839e-11,0.197984
1124,1011600,-1.075893e-06,-2.9e-11,0.15379
1125,1012500,-1.072843e-06,-1.957e-11,0.098974
1126,1013400,-1.097609e-06,-8.09e-12,0.138904
1127,1014300,-1.112843e-06,-9.88e-12,0.058126
1128,1015200,-1.07231e-06,5.73e-12,-0.062593
1129,1016100,-1.116488e-06,1.89e-12,-0.052533
1130,1017000,-1.077175e-06,5.94e-12,-0.158589
1131,1017900,-1.11649e-06,2.095e-11,-0.083767
1132,1018800,-1.07974e-06,3.176e-11,-0.238154
1133,1019700,-1.038818e-06,3.058e-11,-0.146054
1134,1020600,-1.066828e-06,3.829e-11,-0.200318
1135,1021500,-9.83795e-07,3.63e-11,-0.236468
1136,1022400,-9.97459e-07,5.253e-11,-0.220947
1137,1023300,-9.15269e-07,5.288e-11,-0.230803
1138,1024200,-8.76122e-07,5.266e-11,-0.259161
1139,1025100,-8.42637e-07,6.464e-11,-0.357972
1140,1026000,-7.89621e-07,6.471e-11,-0.308918
1141,1026900,-7.7312e-07,7.876e-11,-0.328765
1142,1027800,-7.45433e-07,7.983e-11,-0.239458
1143,1028700,-6.35517e-07,7.561e-11,-0.261397
1144,1029600,-6.47353e-07,9.17e-11,-0.306735
1145,1030500,-5.77954e-07,8.674e-11,-0.241816
1146,1031400,-4.96026e-07,9.481e-11,-0.21242
1147,1032300,-4.69765e-07,9.833e-11,-0.185276
1148,1033200,-3.52217e-07,9.305e-11,-0.230114
1149,1034100,-3.07253e-07,1.0456e-10,-0.106758
1150,1035000,-2.45081e-07,9.479e-11,0.010243
1151,1035900,-1.91743e-07,9.616e-11,-0.010656
1152,1036800,-1.41505e-07,1.0637e-10,0.03121
1153,1037700,-2.3805e-08,1.0258e-10,0.031102
1154,1038600,5.56e-09,9.844e-11,0.028884
1155,1039500,1.01663e-07,1.0211e-10,0.188645
1156,1040400,1.63111e-07,1.0122e-10,0.135143
1157,1041300,2.16095e-07,9.706e-11,0.163305
1158,1042200,2.80034e-07,8.708e-11,0.168051
1159,1043100,3.39875e-07,9.412e-11,0.188723
1160,1044000,3.92355e-07,8.394e-11,0.260633
1161,1044900,4.61036e-07,8.718e-11,0.316957
1162,1045800,5.22791e-07,7.582e-11,0.240484
1163,1046700,5.13221e-07,7.391e-11,0.179706
1164,1047600,5.6635e-07,6.799e-11,0.339188
1165,1048500,6.17975e-07,6.293e-11,0.326932
1166,1049400,6.79193e-07,5.703e-11,0.265127
1167,1050300,6.67345e-07,5.01e-11,0.24004
1168,1051200,7.45833e-07,4.527e-11,0.234135
1169,1052100,7.48872e-07,4.508e-11,0.259292
1170,1053000,8.02687e-07,3.833e-11,0.135078
1171,1053900,7.95751e-07,3.011e-11,0.162464
1172,1054800,8.28061e-07,3.301e-11,0.190605
1173,1055700,8.16681e-07,2.29e-11,0.14682
1174,1056600,8.30545e-07,1.73e-11,0.069627
1175,1057500,8.16881e-07,8.82e-12,0.050006
1176,1058400,8.38857e-07,-1.9e-13,-0.035954
1177,1059300,8.54216e-07,-6.76e-12,-0.030835
1178,1060200,8.44573e-07,-1.883e-11,-0.12236
1179,1061100,7.84659e-07,-1.669e-11,-0.175416
1180,1062000,8.10047e-07,-2.403e-11,-0.119882
1181,1062900,7.68593e-07,-3.247e-11,-0.099114
1182,1063800,7.99908e-07,-3.333e-11,-0.195257
1183,1064700,7.21677e-07,-4.064e-11,-0.245907
1184,1065600,7.22089e-07,-5.316e-11,-0.268454
1185,1066500,6.72724e-07,-5.433e-11,-0.252478
1186,1067400,6.1816e-07,-6.759e-11,-0.208538
1187,1068300,6.39842e-07,-6.37e-11,-0.363633
1188,1069200,5.32925e-07,-6.817e-11,-0.232944
1189,1070100,4.75665e-07,-7.581e-11,-0.287637
1190,1071000,4.74289e-07,-8.105e-11,-0.367968
1191,1071900,4.21268e-07,-7.752e-11,-0.281293
1192,1072800,3.60095e-07,-8.897e-11,-0.302096
1193,1073700,3.18558e-07,-8.775e-11,-0.213488
1194,1074600,2.78136e-07,-9.766e-11,-0.239733
1195,1075500,1.99811e-07,-9.751e-11,-0.143472
1196,1076400,1.24143e-07,-1.0156e-10,-0.146711
1197,1077300,6.2937e-08,-9.341e-11,-0.095148
1198,1078200,1.1613e-08,-9.754e-11,-0.087057
1199,1079100,-8.2348e-08,-9.834e-11,-0.055814
1200,1080000,-1.06243e-07,-9.329e-11,0.031642
1201,1080900,-2.00305e-07,-1.0023e-10,-0.023898
1202,1081800,-2.75219e-07,-9.864e-11,0.089119
1203,1082700,-3.26581e-07,-9.347e-11,0.080197
1204,1083600,-4.16615e-07,-8.934e-11,0.188549
1205,1084500,-4.7676e-07,-9.523e-11,0.177493
1206,1085400,-5.33119e-07,-9.002e-11,0.338882
1207,1086300,-5.93958e-07,-8.637e-11,0.153682
1208,1087200,-6.53755e-07,-8.046e-11,0.279923
1209,1088100,-7.85922e-07,-7.978e-11,0.373072
1210,1089000,-7.86815e-07,-7.174e-11,0.15118
1211,1089900,-7.81166e-07,-7.523e-11,0.179935
1212,1090800,-8.39694e-07,-6.496e-11,0.318194
1213,1091700,-8.85221e-07,-6.799e-11,0.204364
1214,1092600,-9.37853e-07,-5.213e-11,0.346257
1215,1093500,-1.036454e-06,-6.313e-11,0.234865
1216,1094400,-1.072165e-06,-4.978e-11,0.279478
1217,1095300,-1.111007e-06,-4.034e-11,0.268061
1218,1096200,-1.126348e-06,-3.913e-11,0.114642
1219,1097100,-1.138456e-06,-3.211e-11,0.191066
1220,1098000,-1.143451e-06,-2.466e-11,0.136783
1221,1098900,-1.153712e-06,-1.45e-11,0.11003
1222,1099800,-1.161688e-06,-1.398e-11,0.045308
1223,1100700,-1.160084e-06,-9.32e-12,0.058465
1224,1101600,-1.176622e-06,-1.52e-12,-0.016407
1225,1102500,-1.182589e-06,-1.69e-12,-0.020013
1226,1103400,-1.157738e-06,1.73e-11,-0.104219
1227,1104300,-1.116684e-06,1.761e-11,-0.158561
1228,1105200,-1.156809e-06,1.721e-11,-0.073369
1229,1106100,-1.087687e-06,3.515e-11,-0.227433
1230,1107000,-1.05858e-06,3.651e-11,-0.225583
1231,1107900,-1.044667e-06,4.752e-11,-0.127951
1232,1108800,-1.043511e-06,4.801e-11,-0.290398
1233,1109700,-1.050437e-06,5.416e-11,-0.219934
1234,1110600,-9.6177e-07,6.098e-11,-0.339524
1235,1111500,-9.31658e-07,7.1e-11,-0.275897
1236,1112400,-8.87995e-07,6.673e-11,-0.256641
1237,1113300,-9.03354e-07,7.71e-11,-0.168917
1238,1114200,-8.17208e-07,7.813e-11,-0.290173
1239,1115100,-7.35341e-07,8.833e-11,-0.253541
1240,1116000,-6.61089e-07,9.059e-11,-0.25897
1241,1116900,-5.47832e-07,9.044e-11,-0.228242
1242,1117800,-5.77616e-07,8.967e-11,-0.154763
1243,1118700,-5.11527e-07,8.391e-11,-0.181013
1244,1119600,-3.89558e-07,9.68e-11,-0.166806
1245,1120500,-3.90074e-07,1.0034e-10,-0.081741
1246,1121400,-3.26035e-07,1.0482e-10,-0.039361
1247,1122300,-2.1167e-07,1.027e-10,-0.006474
1248,1123200,-1.59356e-07,1.0434e-10,-0.090938
1249,1124100,-1.42186e-07,9.611e-11,0.032667
1250,1125000,-3.4442e-08,1.0077e-10,0.133501
1251,1125900,5.2913e-08,9.372e-11,0.126734
1252,1126800,7.2731e-08,9.565e-11,0.16609
1253,1127700,8.5643e-08,1.0675e-10,0.210949
1254,1128600,1.9952e-07,1.0202e-10,0.19476
1255,1129500,2.70548e-07,8.725e-11,0.320606
1256,1130400,3.27381e-07,8.735e-11,0.319997
1257,1131300,3.96561e-07,8.288e-11,0.332683
1258,1132200,4.97518e-07,8.092e-11,0.295616
1259,1133100,4.98334e-07,8.174e-11,0.267474
1260,1134000,5.42113e-07,6.302e-11,0.240807
1261,1134900,5.82543e-07,6.565e-11,0.385888
1262,1135800,6.49111e-07,5.632e-11,0.253379
1263,1136700,7.01767e-07,6.119e-11,0.278571
1264,1137600,6.99729e-07,5.562e-11,0.210141
1265,1138500,7.4669e-07,5.559e-11,0.248274
1266,1139400,7.46164e-07,4.032e-11,0.188632
1267,1140300,7.60155e-07,3.565e-11,0.23852
1268,1141200,8.04066e-07,2.4e-11,0.101922
1269,1142100,8.25113e-07,1.67e-11,0.064253
1270,1143000,8.84299e-07,1.539e-11,0.106265
1271,1143900,8.77785e-07,1.04e-11,0.018502
1272,1144800,8.65834e-07,-1.35e-12,0.021923
1273,1145700,8.66941e-07,-8.45e-12,-0.105623
1274,1146600,8.535e-07,-1.407e-11,-0.172164
1275,1147500,8.50186e-07,-1.468e-11,0.011613
1276,1148400,8.1435e-07,-2.858e-11,-0.205471
1277,1149300,8.15452e-07,-3.113e-11,-0.223193
1278,1150200,7.86548e-07,-4.816e-11,-0.165813
1279,1151100,7.46536e-07,-4.44e-11,-0.309341
1280,1152000,7.25423e-07,-5.14e-11,-0.260372
1281,1152900,7.01256e-07,-4.836e-11,-0.240528
1282,1153800,6.62718e-07,-5.365e-11,-0.261292
1283,1154700,6.05206e-07,-6.089e-11,-0.243783
1284,1155600,5.74481e-07,-7.798e-11,-0.342073
1285,1156500,5.09504e-07,-7.129e-11,-0.298501
1286,1157400,4.80522e-07,-7.276e-11,-0.229819
1287,1158300,4.28588e-07,-8.833e-11,-0.253032
1288,1159200,3.46774e-07,-9.485e-11,-0.274181
1289,1160100,3.31829e-07,-8.738e-11,-0.137116
1290,1161000,2.50122e-07,-8.015e-11,-0.203256
1291,1161900,1.83588e-07,-1.0109e-10,-0.1271
1292,1162800,1.08503e-07,-9.983e-11,-0.085938
1293,1163700,6.7335e-08,-9.242e-11,-0.132915
1294,1164600,-2.0125e-08,-9.944e-11,-0.03852
1295,1165500,-4.893e-08,-9.795e-11,0.059587
1296,1166400,-1.35338e-07,-1.0117e-10,0.041436
1297,1167300,-1.87874e-07,-8.979e-11,0.098502
1298,1168200,-2.92389e-07,-1.0023e-10,0.106449
1299,1169100,-3.28814e-07,-9.591e-11,0.137532
1300,1170000,-4.24727e-07,-9.823e-11,0.141893
1301,1170900,-4.96089e-07,-8.61e-11,0.170643
1302,1171800,-5.55918e-07,-9.671e-11,0.247964
1303,1172700,-5.85473e-07,-8.156e-11,0.248174
1304,1173600,-6.60286e-07,-8.737e-11,0.286209
1305,1174500,-7.33467e-07,-8.286e-11,0.284052
1306,1175400,-7.88882e-07,-8.081e-11,0.277653
1307,1176300,-8.08193e-07,-6.163e-11,0.237215
1308,1177200,-9.2918e-07,-7.55e-11,0.294836
1309,1178100,-9.32546e-07,-6.298e-11,0.306035
1310,1179000,-9.87296e-07,-6.434e-11,0.277572
1311,1179900,-1.03237e-06,-6.348e-11,0.219098
1312,1180800,-1.092331e-06,-4.618e-11,0.272075
1313,1181700,-1.086506e-06,-5.343e-11,0.163828
1314,1182600,-1.109643e-06,-5.216e-11,0.273364
1315,1183500,-1.173243e-06,-2.793e-11,0.138199
1316,1184400,-1.135809e-06,-9.84e-12,0.036341
1317,1185300,-1.155858e-06,-2.855e-11,0.136143
1318,1186200,-1.191986e-06,-1.24e-11,0.032061
1319,1187100,-1.172702e-06,-1.378e-11,0.10124
1320,1188000,-1.202441e-06,-7.01e-12,0.079747
1321,1188900,-1.196266e-06,1.608e-11,0.02191
1322,1189800,-1.204579e-06,1.263e-11,-0.071594
1323,1190700,-1.155245e-06,2.17e-11,-0.10599
1324,1191600,-1.173765e-06,2.563e-11,-0.08477
1325,1192500,-1.145861e-06,3.017e-11,-0.210854
1326,1193400,-1.132495e-06,3.126e-11,-0.249651
1327,1194300,-1.072389e-06,4.32e-11,-0.202785
1328,1195200,-1.121704e-06,5.284e-11,-0.267875
1329,1196100,-1.043492e-06,5.646e-11,-0.301955
1330,1197000,-1.047614e-06,6.549e-11,-0.277627
1331,1197900,-9.75276e-07,6.11e-11,-0.370926
1332,1198800,-9.15403e-07,7.878e-11,-0.289842
1333,1199700,-8.98425e-07,7.631e-11,-0.300101
1334,1200600,-8.00845e-07,8.237e-11,-0.439069
1335,1201500,-7.44732e-07,7.813e-11,-0.34825
1336,1202400,-7.01493e-07,8.866e-11,-0.341844
1337,1203300,-6.22632e-07,9.35e-11,-0.235657
1338,1204200,-5.80917e-07,8.749e-11,-0.160835
1339,1205100,-5.33614e-07,1.0002e-10,-0.190888
1340,1206000,-4.46675e-07,8.805e-11,-0.157336
1341,1206900,-3.66619e-07,9.14e-11,-0.089873
1342,1207800,-3.10351e-07,9.593e-11,-0.034912
1343,1208700,-2.93687e-07,1.0152e-10,0.041814
1344,1209600,-1.60602e-07,1.0195e-10,-0.015084
1345,1210500,-1.25165e-07,9.827e-11,0.066348
1346,1211400,-6.1836e-08,1.0293e-10,0.184304
1347,1212300,1.3974e-08,9.136e-11,0.047568
1348,1213200,9.9051e-08,9.629e-11,0.193842
1349,1214100,1.34922e-07,9.885e-11,0.174713
1350,1215000,1.90924e-07,9.038e-11,0.152279
1351,1215900,3.07778e-07,8.921e-11,0.270232
1352,1216800,3.08505e-07,8.134e-11,0.248114
1353,1217700,3.986e-07,8.054e-11,0.233637
1354,1218600,4.42441e-07,8.183e-11,0.37192
1355,1219500,4.99322e-07,7.84e-11,0.333397
1356,1220400,5.15067e-07,6.589e-11,0.245805
1357,1221300,5.53682e-07,6.991e-11,0.311936
1358,1222200,6.21376e-07,4.791e-11,0.392552
1359,1223100,6.38748e-07,6.582e-11,0.204702
1360,1224000,6.73052e-07,3.899e-11,0.277914
1361,1224900,7.02703e-07,3.886e-11,0.16938
1362,1225800,7.58616e-07,4.183e-11,0.302734
1363,1226700,7.56716e-07,3.324e-11,0.118162
1364,1227600,7.80826e-07,2.329e-11,0.173222
1365,1228500,8.24612e-07,2.446e-11,0.072664
1366,1229400,8.29265e-07,1.283e-11,0.061416
1367,1230300,8.08183e-07,3.74e-12,0.126274
1368,1231200,8.36871e-07,8.7e-13,-0.013112
1369,1232100,8.82299e-07,-2e-14,-0.075211
1370,1233000,8.13919e-07,-1.412e-11,-0.070352
1371,1233900,7.98853e-07,-1.731e-11,-0.042201
1372,1234800,7.7377e-07,-3.152e-11,-0.174158
1373,1235700,7.64284e-07,-2.215e-11,-0.132543
1374,1236600,7.68735e-07,-3.959e-11,-0.226448
1375,1237500,6.9563e-07,-4.032e-11,-0.213453
1376,1238400,7.22317e-07,-5.105e-11,-0.266897
1377,1239300,6.66329e-07,-5.11e-11,-0.350675
1378,1240200,6.40989e-07,-6.098e-11,-0.34271
1379,1241100,5.5043e-07,-6.662e-11,-0.225048
1380,1242000,5.87013e-07,-6.893e-11,-0.2019
1381,1242900,4.90564e-07,-7.042e-11,-0.319995
1382,1243800,4.28959e-07,-8.272e-11,-0.392804
1383,1244700,4.10979e-07,-8.636e-11,-0.317236
1384,1245600,2.97307e-07,-8.762e-11,-0.171633
1385,1246500,3.05541e-07,-9.799e-11,-0.255728
1386,1247400,1.89617e-07,-8.745e-11,-0.197802
1387,1248300,1.30896e-07,-9.433e-11,-0.206499
1388,1249200,1.14974e-07,-9.386e-11,-0.116509
1389,1250100,-3.8957e-08,-9.841e-11,-0.010644
1390,1251000,-2.702e-08,-1.0838e-10,-0.093317
1391,1251900,-1.35309e-07,-9.123e-11,-0.026944
1392,1252800,-1.9475e-07,-9.983e-11,-0.130368
1393,1253700,-2.64186e-07,-9.96e-11,0.081442
1394,1254600,-3.55792e-07,-1.0105e-10,0.12813
1395,1255500,-4.01247e-07,-9.693e-11,0.118104
1396,1256400,-3.98646e-07,-9.774e-11,0.14142
1397,1257300,-4.79367e-07,-1.0132e-10,0.171584
1398,1258200,-5.63947e-07,-9.308e-11,0.254552
1399,1259100,-6.10404e-07,-9.343e-11,0.244841
1400,1260000,-6.43477e-07,-9.076e-11,0.267066
1401,1260900,-7.34339e-07,-8.346e-11,0.195631
1402,1261800,-7.56472e-07,-8.321e-11,0.341081
1403,1262700,-8.50158e-07,-7.831e-11,0.35809
1404,1263600,-8.68517e-07,-6.967e-11,0.338058
1405,1264500,-9.35425e-07,-6.598e-11,0.264352
1406,1265400,-9.51807e-07,-6.434e-11,0.364036
1407,1266300,-1.011062e-06,-5.545e-11,0.3151
1408,1267200,-1.038868e-06,-5.149e-11,0.258306
1409,1268100,-1.04975e-06,-4.754e-11,0.231694
1410,1269000,-1.096522e-06,-3.395e-11,0.20714
1411,1269900,-1.072464e-06,-3.293e-11,0.170744
1412,1270800,-1.138886e-06,-3.247e-11,0.098164
1413,1271700,-1.154633e-06,-1.383e-11,0.113149
1414,1272600,-1.157533e-06,-6.92e-12,0.155205
1415,1273500,-1.133407e-06,-1.081e-11,0.014395
1416,1274400,-1.113235e-06,1.21e-12,-0.013381
1417,1275300,-1.128024e-06,1.158e-11,-0.06773
1418,1276200,-1.126732e-06,1.769e-11,-0.13566
1419,1277100,-1.120074e-06,1.394e-11,-0.163984
1420,1278000,-1.11781e-06,2.827e-11,-0.166101
1421,1278900,-1.101568e-06,3.24e-11,-0.239977
1422,1279800,-1.05502e-06,4.393e-11,-0.216092
1423,1280700,-1.033636e-06,4.61e-11,-0.339429
1424,1281600,-9.87093e-07,6.551e-11,-0.265941
1425,1282500,-9.70213e-07,5.928e-11,-0.194897
1426,1283400,-9.06093e-07,5.01e-11,-0.261608
1427,1284300,-8.28035e-07,6.905e-11,-0.355164
1428,1285200,-8.2583e-07,6.431e-11,-0.23836
1429,1286100,-7.99096e-07,7.556e-11,-0.340322
1430,1287000,-7.41678e-07,8.677e-11,-0.284605
1431,1287900,-6.93387e-07,7.742e-11,-0.370749
1432,1288800,-6.55999e-07,8.716e-11,-0.210796
1433,1289700,-5.92646e-07,9.754e-11,-0.273881
1434,1290600,-5.25409e-07,8.699e-11,-0.162594
1435,1291500,-4.17872e-07,8.588e-11,-0.199937
1436,1292400,-3.74106e-07,8.936e-11,-0.121666
1437,1293300,-3.26022e-07,9.847e-11,-0.087292
1438,1294200,-2.56906e-07,1.0889e-10,-0.080744
1439,1295100,-2.32044e-07,9.519e-11,0.00969
1440,1296000,-1.86752e-07,9.874e-11,0.005134
1441,1296900,-1.02171e-07,1.0118e-10,0.167384
1442,1297800,-3.6373e-08,9.697e-11,0.128412
1443,1298700,4.2608e-08,1.0528e-10,0.123039
1444,1299600,9.5857e-08,8.767e-11,0.069013
1445,1300500,1.28182e-07,9.659e-11,0.114516
1446,1301400,2.6288e-07,9.254e-11,0.199923
1447,1302300,2.88079e-07,9.28e-11,0.197781
1448,1303200,3.41427e-07,9.254e-11,0.277539
1449,1304100,4.0904e-07,8.635e-11,0.27761
1450,1305000,4.72963e-07,7.525e-11,0.393298
1451,1305900,5.06844e-07,8.296e-11,0.28799
1452,1306800,5.81813e-07,7.438e-11,0.357343
1453,1307700,5.91615e-07,7.131e-11,0.389755
1454,1308600,6.52104e-07,6.105e-11,0.263605
1455,1309500,6.87894e-07,6.411e-11,0.226952
1456,1310400,7.22034e-07,5.805e-11,0.291035
1457,1311300,8.14585e-07,4.198e-11,0.24432
1458,1312200,7.94897e-07,3.898e-11,0.123427
1459,1313100,8.46647e-07,3.376e-11,0.179751
1460,1314000,8.48951e-07,2.141e-11,0.186386
1461,1314900,8.44573e-07,2.207e-11,0.218528
1462,1315800,9.04096e-07,5.53e-12,0.050809
1463,1316700,8.91527e-07,6.19e-12,-0.030812
1464,1317600,8.97888e-07,-5e-14,0.095716
1465,1318500,8.83178e-07,-7e-13,-0.102512
1466,1319400,8.54836e-07,-9.44e-12,-0.023459
1467,1320300,8.38788e-07,-1.939e-11,-0.183884
1468,1321200,8.32316e-07,-2.17e-11,-0.171748
1469,1322100,8.03126e-07,-3.779e-11,-0.215046
1470,1323000,8.20766e-07,-3.79e-11,-0.262247
1471,1323900,7.57926e-07,-5.222e-11,-0.288714
1472,1324800,7.60514e-07,-5.071e-11,-0.165271
1473,1325700,6.85542e-07,-5.574e-11,-0.245119
1474,1326600,5.94928e-07,-5.985e-11,-0.292227
1475,1327500,6.35773e-07,-6.111e-11,-0.354118
1476,1328400,5.96642e-07,-7.202e-11,-0.345223
1477,1329300,5.20694e-07,-7.62e-11,-0.22051
1478,1330200,4.71027e-07,-7.831e-11,-0.244745
1479,1331100,4.4141e-07,-7.923e-11,-0.206191
1480,1332000,3.78406e-07,-8.576e-11,-0.197849
1481,1332900,3.09519e-07,-8.952e-11,-0.151927
1482,1333800,2.84744e-07,-9.243e-11,-0.23481
1483,1334700,2.21974e-07,-9.069e-11,-0.166849
1484,1335600,1.27541e-07,-9.493e-11,-0.151085
1485,1336500,5.2915e-08,-9.743e-11,-0.101534
1486,1337400,-1.479e-09,-9.463e-11,-0.013204
1487,1338300,-4.6562e-08,-1.0117e-10,-0.001367
1488,1339200,-1.28162e-07,-1.0618e-10,0.033636
1489,1340100,-1.91308e-07,-8.682e-11,0.112021
1490,1341000,-2.48212e-07,-9.79e-11,0.085832
1491,1341900,-3.47186e-07,-1.0677e-10,0.071177
1492,1342800,-3.94908e-07,-1.0712e-10,0.122784
1493,1343700,-4.66885e-07,-9.577e-11,0.149542
1494,1344600,-5.31775e-07,-8.377e-11,0.245239
1495,1345500,-6.01276e-07,-9.003e-11,0.23659
1496,1346400,-6.61526e-07,-9.045e-11,0.310334
1497,1347300,-7.15884e-07,-8.862e-11,0.275007
1498,1348200,-7.54759e-07,-8.92e-11,0.28774
1499,1349100,-7.96252e-07,-7.293e-11,0.408923
1500,1350000,-8.39181e-07,-6.347e-11,0.440004
1501,1350900,-8.96896e-07,-6.512e-11,0.34612
1502,1351800,-9.58132e-07,-6.034e-11,0.257391
1503,1352700,-9.75453e-07,-5.882e-11,0.242817
1504,1353600,-1.010757e-06,-5.069e-11,0.163432
1505,1354500,-1.076492e-06,-4.997e-11,0.193857
1506,1355400,-1.076635e-06,-3.717e-11,0.265396
1507,1356300,-1.093133e-06,-2.678e-11,0.213048
1508,1357200,-1.113004e-06,-2.039e-11,0.195971
1509,1358100,-1.123873e-06,-1.315e-11,-0.002484
1510,1359000,-1.147525e-06,-1.458e-11,0.13528
1511,1359900,-1.113961e-06,-1.379e-11,0.109716
1512,1360800,-1.166481e-06,-5.71e-12,-0.011714
1513,1361700,-1.157262e-06,-1.25e-12,-0.006664
1514,1362600,-1.139308e-06,1.832e-11,-0.099318
1515,1363500,-1.141976e-06,1.936e-11,-0.030405
1516,1364400,-1.186584e-06,2.11e-11,-0.149723
1517,1365300,-1.126055e-06,3.085e-11,-0.188932
1518,1366200,-1.096023e-06,3.859e-11,-0.180725
1519,1367100,-1.07026e-06,4.196e-11,-0.246294
1520,1368000,-1.041176e-06,4.13e-11,-0.23673
1521,1368900,-1.02924e-06,6.186e-11,-0.247611
1522,1369800,-9.59873e-07,5.582e-11,-0.308347
1523,1370700,-9.67552e-07,6.241e-11,-0.234828
1524,1371600,-8.70342e-07,6.497e-11,-0.322914
1525,1372500,-8.48461e-07,7.811e-11,-0.385424
1526,1373400,-8.2242e-07,8.178e-11,-0.38723
1527,1374300,-7.46957e-07,8.396e-11,-0.256381
1528,1375200,-6.95958e-07,8.477e-11,-0.217579
1529,1376100,-6.26622e-07,8.645e-11,-0.23612
1530,1377000,-5.62281e-07,1.0098e-10,-0.172816
1531,1377900,-4.82862e-07,9.164e-11,-0.208838
1532,1378800,-4.44333e-07,9.587e-11,-0.200401
1533,1379700,-3.56402e-07,1.025e-10,-0.130089
1534,1380600,-2.94279e-07,1.0026e-10,-0.041654
1535,1381500,-2.73673e-07,9.906e-11,-0.04206
1536,1382400,-1.65165e-07,9.686e-11,-0.124997
1537,1383300,-1.42305e-07,9.948e-11,0.042352
1538,1384200,-2.6525e-08,1.0206e-10,0.081722
1539,1385100,1.1299e-08,1.036e-10,0.0853
1540,1386000,7.1565e-08,9.115e-11,0.220945
1541,1386900,1.49041e-07,9.116e-11,0.176906
1542,1387800,2.13812e-07,9.113e-11,0.185409
1543,1388700,2.49614e-07,9.138e-11,0.220103
1544,1389600,3.18155e-07,7.992e-11,0.26369
1545,1390500,3.77993e-07,8.154e-11,0.287102
1546,1391400,4.40865e-07,8.284e-11,0.317414
1547,1392300,4.6766e-07,7.235e-11,0.245238
1548,1393200,5.11127e-07,7.081e-11,0.260686
1549,1394100,5.71622e-07,6.111e-11,0.214384
1550,1395000,6.19767e-07,5.85e-11,0.247926
1551,1395900,6.15996e-07,5.767e-11,0.345909
1552,1396800,6.61459e-07,4.892e-11,0.313389
1553,1397700,6.62332e-07,5.406e-11,0.360211
1554,1398600,6.64541e-07,3.778e-11,0.176185
1555,1399500,7.33281e-07,3.005e-11,0.223216
1556,1400400,7.51678e-07,2.133e-11,0.141391
1557,1401300,7.82942e-07,1.359e-11,0.032493
1558,1402200,8.27206e-07,9.84e-12,0.070778
1559,1403100,7.85081e-07,9.28e-12,0.127797
1560,1404000,8.04816e-07,-7.59e-12,-0.069206
1561,1404900,7.83797e-07,-7.88e-12,-0.125255
1562,1405800,7.97666e-07,-1.848e-11,-0.002981
1563,1406700,8.01298e-07,-2.075e-11,-0.092856
1564,1407600,7.20686e-07,-2.276e-11,-0.17491
1565,1408500,7.0141e-07,-3.359e-11,-0.205916
1566,1409400,6.87784e-07,-3.352e-11,-0.251397
1567,1410300,7.02791e-07,-5.085e-11,-0.157234
1568,1411200,6.20562e-07,-5.001e-11,-0.284317
1569,1412100,5.91526e-07,-5.155e-11,-0.202173
1570,1413000,5.8422e-07,-6.29e-11,-0.280565
1571,1413900,5.02155e-07,-7.089e-11,-0.354749
1572,1414800,4.6602e-07,-6.946e-11,-0.395591
1573,1415700,4.26018e-07,-6.76e-11,-0.241338
1574,1416600,3.57389e-07,-8.632e-11,-0.266786
1575,1417500,2.63241e-07,-7.76e-11,-0.287843
1576,1418400,2.90793e-07,-9.524e-11,-0.2139
1577,1419300,1.99589e-07,-9.134e-11,-0.306498
1578,1420200,1.42838e-07,-8.901e-11,-0.122876
1579,1421100,9.1569e-08,-9.766e-11,-0.232822
1580,1422000,-1.2634e-08,-8.923e-11,-0.188909
1581,1422900,-2.0154e-08,-9.545e-11,-0.09831
1582,1423800,-1.17709e-07,-9.584e-11,-0.078419
1583,1424700,-1.87594e-07,-9.631e-11,-0.046356
1584,1425600,-2.62176e-07,-9.7e-11,-0.003199
1585,1426500,-3.09939e-07,-1.0206e-10,-0.021298
1586,1427400,-3.61861e-07,-9.141e-11,0.121835
1587,1428300,-4.64169e-07,-9.958e-11,0.183921
1588,1429200,-5.32143e-07,-9.976e-11,0.243612
1589,1430100,-5.90918e-07,-8.585e-11,0.112709
1590,1431000,-6.47777e-07,-8.203e-11,0.21362
1591,1431900,-7.30076e-07,-9.553e-11,0.292123
1592,1432800,-7.98779e-07,-8.708e-11,0.198083
1593,1433700,-8.11456e-07,-7.737e-11,0.275585
1594,1434600,-9.16979e-07,-7.166e-11,0.271481
1595,1435500,-9.64321e-07,-8.399e-11,0.265135
1596,1436400,-1.017467e-06,-7.382e-11,0.33722
1597,1437300,-1.039422e-06,-6.416e-11,0.261267
1598,1438200,-1.064235e-06,-5.127e-11,0.272353
1599,1439100,-1.101304e-06,-6.338e-11,0.353169
1600,1440000,-1.153367e-06,-4.475e-11,0.253649
1601,1440900,-1.156776e-06,-4.087e-11,0.215384
1602,1441800,-1.167853e-06,-4.206e-11,0.251029
1603,1442700,-1.227655e-06,-3.04e-11,0.159529
1604,1443600,-1.239409e-06,-3.126e-11,0.162378
1605,1444500,-1.247593e-06,-2.221e-11,0.112054
1606,1445400,-1.253916e-06,-1.613e-11,0.071208
1607,1446300,-1.282145e-06,5.19e-12,0.092114
1608,1447200,-1.259802e-06,5.86e-12,-0.098963
1609,1448100,-1.316195e-06,4.54e-12,-0.108086
1610,1449000,-1.261918e-06,1.408e-11,-0.031625
1611,1449900,-1.270554e-06,2.151e-11,-0.114086
1612,1450800,-1.226192e-06,2.328e-11,-0.080843
1613,1451700,-1.215823e-06,4.101e-11,-0.222148
1614,1452600,-1.179237e-06,3.797e-11,-0.228519
1615,1453500,-1.151779e-06,4.273e-11,-0.371104
1616,1454400,-1.180264e-06,5.636e-11,-0.198295
1617,1455300,-1.055589e-06,5.547e-11,-0.341796
1618,1456200,-1.061992e-06,6.093e-11,-0.34013
1619,1457100,-9.82916e-07,7.713e-11,-0.273519
1620,1458000,-9.68485e-07,6.424e-11,-0.222678
1621,1458900,-9.18747e-07,7.374e-11,-0.273375
1622,1459800,-8.77594e-07,8.007e-11,-0.361901
1623,1460700,-7.85069e-07,8.262e-11,-0.219224
1624,1461600,-7.54302e-07,8.592e-11,-0.320423
1625,1462500,-6.71712e-07,8.531e-11,-0.262327
1626,1463400,-6.39003e-07,9.299e-11,-0.297437
1627,1464300,-5.74443e-07,9.867e-11,-0.201545
1628,1465200,-5.09826e-07,9.74e-11,-0.156298
1629,1466100,-4.56824e-07,9.79e-11,-0.065101
1630,1467000,-3.98772e-07,9.727e-11,-0.146727
1631,1467900,-2.97952e-07,9.932e-11,-0.081668
1632,1468800,-2.48801e-07,9.398e-11,-0.051675
1633,1469700,-2.14531e-07,9.445e-11,0.107025
1634,1470600,-1.33453e-07,1.0148e-10,0.035831
1635,1471500,-3.3613e-08,9.295e-11,0.116766
1636,1472400,7.156e-09,1.0823e-10,0.181521
1637,1473300,6.173e-08,9.812e-11,0.289537
1638,1474200,1.02281e-07,8.818e-11,0.200287
1639,1475100,1.85118e-07,8.802e-11,0.172794
1640,1476000,2.71895e-07,7.949e-11,0.249797
1641,1476900,3.22818e-07,8.3e-11,0.228194
1642,1477800,3.16048e-07,7.819e-11,0.251926
1643,1478700,4.00953e-07,6.818e-11,0.338085
1644,1479600,4.3946e-07,7.166e-11,0.372054
1645,1480500,4.73393e-07,6.231e-11,0.270045
1646,1481400,5.19216e-07,6.042e-11,0.248243
1647,1482300,5.26569e-07,5.275e-11,0.295155
1648,1483200,6.03418e-07,5.6e-11,0.357582
1649,1484100,6.43257e-07,5.114e-11,0.276345
1650,1485000,6.86742e-07,4.752e-11,0.25969
1651,1485900,6.96086e-07,3.112e-11,0.180562
1652,1486800,6.96879e-07,2.899e-11,0.113983
1653,1487700,7.12745e-07,7.73e-12,0.20096
1654,1488600,7.21635e-07,1.533e-11,0.150535
1655,1489500,7.30629e-07,1.376e-11,-0.022929
1656,1490400,7.76654e-07,5.44e-12,0.01046
1657,1491300,7.46268e-07,-1.238e-11,-0.053589
1658,1492200,7.43996e-07,-2.239e-11,-0.049623
1659,1493100,7.15738e-07,-9.66e-12,-0.193953
1660,1494000,7.34362e-07,-2.868e-11,-0.17235
1661,1494900,6.53233e-07,-3.758e-11,-0.162452
1662,1495800,6.31863e-07,-3.457e-11,-0.24528
1663,1496700,6.11833e-07,-4.687e-11,-0.221171
1664,1497600,6.05657e-07,-4.983e-11,-0.224997
1665,1498500,5.94815e-07,-5.711e-11,-0.329375
1666,1499400,5.37692e-07,-5.852e-11,-0.362814
1667,1500300,4.76855e-07,-6.953e-11,-0.307825
1668,1501200,4.36123e-07,-6.718e-11,-0.380257
1669,1502100,3.68495e-07,-7.685e-11,-0.306216
1670,1503000,3.19965e-07,-8.237e-11,-0.30983
1671,1503900,2.80011e-07,-8.239e-11,-0.310243
1672,1504800,2.62539e-07,-8.416e-11,-0.300163
1673,1505700,1.79411e-07,-8.907e-11,-0.17727
1674,1506600,1.04771e-07,-8.855e-11,-0.210039
1675,1507500,7.7291e-08,-8.824e-11,-0.172779
1676,1508400,-1.5464e-08,-9.406e-11,-0.159023
1677,1509300,-3.8518e-08,-9.769e-11,-0.135087
1678,1510200,-1.49511e-07,-1.0521e-10,-0.049818
1679,1511100,-2.23245e-07,-9.43e-11,-0.103805
1680,1512000,-2.77206e-07,-9.425e-11,-0.107612
1681,1512900,-3.09916e-07,-1.0191e-10,0.046213
1682,1513800,-4.06664e-07,-9.551e-11,0.09134
1683,1514700,-4.56568e-07,-9.548e-11,0.202849
1684,1515600,-5.32995e-07,-8.677e-11,0.195054
1685,1516500,-6.38976e-07,-8.164e-11,0.153911
1686,1517400,-6.36886e-07,-9.225e-11,0.265187
1687,1518300,-7.38932e-07,-8.656e-11,0.225346
1688,1519200,-7.52e-07,-8.441e-11,0.306605
1689,1520100,-8.78067e-07,-8.357e-11,0.297691
1690,1521000,-8.86178e-07,-7.453e-11,0.271483
1691,1521900,-9.48122e-07,-6.928e-11,0.183499
1692,1522800,-9.91981e-07,-7.238e-11,0.254384
1693,1523700,-1.04443e-06,-5.98e-11,0.349391
1694,1524600,-1.101622e-06,-5.65e-11,0.333181
1695,1525500,-1.136732e-06,-5.902e-11,0.245402
1696,1526400,-1.155112e-06,-5.021e-11,0.207499
1697,1527300,-1.224541e-06,-4.007e-11,0.210667
1698,1528200,-1.219931e-06,-3.207e-11,0.146686
1699,1529100,-1.249474e-06,-3.3e-11,0.201616
1700,1530000,-1.248424e-06,-3.253e-11,0.17849
1701,1530900,-1.269903e-06,-2.044e-11,0.107933
1702,1531800,-1.292117e-06,-1.133e-11,0.106763
1703,1532700,-1.307301e-06,-1.145e-11,0.088671
1704,1533600,-1.296148e-06,9.3e-13,-0.074708
1705,1534500,-1.310123e-06,7.51e-12,-0.096388
1706,1535400,-1.310884e-06,6.01e-12,-0.047281
1707,1536300,-1.288404e-06,1.128e-11,-0.097232
1708,1537200,-1.272869e-06,2.846e-11,-0.169577
1709,1538100,-1.269592e-06,2.829e-11,-0.209537
1710,1539000,-1.23304e-06,3.901e-11,-0.221668
1711,1539900,-1.226255e-06,4.247e-11,-0.11262
1712,1540800,-1.199151e-06,4.721e-11,-0.095115
1713,1541700,-1.141326e-06,4.866e-11,-0.235029
1714,1542600,-1.134894e-06,6.542e-11,-0.300326
1715,1543500,-1.083343e-06,7.398e-11,-0.269113
1716,1544400,-1.013273e-06,7.289e-11,-0.322222
1717,1545300,-9.75387e-07,8.123e-11,-0.290697
1718,1546200,-8.97965e-07,8.359e-11,-0.279179
1719,1547100,-8.82469e-07,8.383e-11,-0.339726
1720,1548000,-8.28493e-07,8.771e-11,-0.280612
1721,1548900,-7.69215e-07,8.979e-11,-0.199321
1722,1549800,-7.06415e-07,9.322e-11,-0.280493
1723,1550700,-6.13004e-07,9.398e-11,-0.186673
1724,1551600,-5.87412e-07,9.415e-11,-0.072797
1725,1552500,-4.88624e-07,1.003e-10,-0.12018
1726,1553400,-4.44101e-07,9.951e-11,-0.087157
1727,1554300,-3.87244e-07,9.758e-11,-0.026545
1728,1555200,-3.24152e-07,1.0301e-10,-0.030957
1729,1556100,-2.48443e-07,9.525e-11,0.01053
1730,1557000,-2.08556e-07,9.378e-11,0.128429
1731,1557900,-1.52948e-07,9.458e-11,0.177575
1732,1558800,-8.2322e-08,9.565e-11,0.099399
1733,1559700,1.159e-09,9.893e-11,0.219576
1734,1560600,5.3912e-08,9.276e-11,0.185913
1735,1561500,9.104e-08,9.614e-11,0.276246
1736,1562400,1.44343e-07,8.68e-11,0.244802
1737,1563300,1.90268e-07,8.404e-11,0.256389
1738,1564200,2.42874e-07,7.194e-11,0.211588
1739,1565100,3.05637e-07,7.476e-11,0.253668
1740,1566000,3.71898e-07,7.038e-11,0.328844
1741,1566900,4.07345e-07,6.2e-11,0.303139
1742,1567800,4.29796e-07,6.357e-11,0.24292
1743,1568700,5.04972e-07,5.386e-11,0.330291
1744,1569600,5.02066e-07,4.661e-11,0.278854
1745,1570500,5.74903e-07,5.256e-11,0.240074
1746,1571400,6.1237e-07,3.682e-11,0.26707
1747,1572300,5.81391e-07,3.424e-11,0.065544
1748,1573200,5.9434e-07,2.822e-11,0.084378
1749,1574100,6.44634e-07,2.404e-11,0.089739
1750,1575000,6.23503e-07,1.068e-11,0.029355
1751,1575900,6.44177e-07,7.05e-12,0.023857
1752,1576800,6.78548e-07,-3.6e-12,0.069572
1753,1577700,6.19267e-07,-6.18e-12,0.019997
1754,1578600,6.618e-07,-1.515e-11,-0.049892
1755,1579500,6.40081e-07,-2.221e-11,-0.084008
1756,1580400,6.62598e-07,-2.352e-11,-0.121682
1757,1581300,6.31134e-07,-3.945e-11,-0.159617
1758,1582200,5.69151e-07,-4.122e-11,-0.104035
1759,1583100,5.57766e-07,-4.793e-11,-0.180377
1760,1584000,5.0715e-07,-5.224e-11,-0.197355
1761,1584900,4.88515e-07,-6.337e-11,-0.249964
1762,1585800,4.38463e-07,-5.318e-11,-0.320087
1763,1586700,4.20618e-07,-5.706e-11,-0.339981
1764,1587600,3.45737e-07,-6.877e-11,-0.342867
1765,1588500,3.06525e-07,-7.631e-11,-0.309687
1766,1589400,2.45429e-07,-7.898e-11,-0.281584
1767,1590300,1.83494e-07,-8.592e-11,-0.283093
1768,1591200,1.34416e-07,-8.88e-11,-0.243611
1769,1592100,5.5352e-08,-9.334e-11,-0.252002
1770,1593000,1.2663e-08,-8.424e-11,-0.211189
1771,1593900,-2.7563e-08,-9.711e-11,-0.183417
1772,1594800,-1.24501e-07,-9.744e-11,-0.19685
1773,1595700,-1.60942e-07,-1.1088e-10,-0.171205
1774,1596600,-1.85082e-07,-9.499e-11,-0.011694
1775,1597500,-2.50245e-07,-9.642e-11,-0.061801
1776,1598400,-3.70881e-07,-9.427e-11,0.003228
1777,1599300,-3.64605e-07,-1.0161e-10,0.137803
1778,1600200,-4.88352e-07,-9.246e-11,0.16248
1779,1601100,-5.62927e-07,-1.005e-10,0.063156
1780,1602000,-6.2675e-07,-9.326e-11,0.140169
1781,1602900,-6.63247e-07,-9.191e-11,0.089759
1782,1603800,-7.11985e-07,-9.413e-11,0.238752
1783,1604700,-7.89828e-07,-8.283e-11,0.232763
1784,1605600,-8.98988e-07,-8.632e-11,0.269843
1785,1606500,-9.26706e-07,-8.241e-11,0.259113
1786,1607400,-9.80521e-07,-7.598e-11,0.261591
1787,1608300,-1.020338e-06,-7.75e-11,0.359207
1788,1609200,-1.059282e-06,-7.032e-11,0.277968
1789,1610100,-1.088862e-06,-5.919e-11,0.329826
1790,1611000,-1.134187e-06,-5.784e-11,0.220766
1791,1611900,-1.203603e-06,-5.658e-11,0.240871
1792,1612800,-1.240558e-06,-5.936e-11,0.192481
1793,1613700,-1.256749e-06,-4.458e-11,0.198353
1794,1614600,-1.286307e-06,-4.044e-11,0.266661
1795,1615500,-1.315797e-06,-2.866e-11,0.192789
1796,1616400,-1.361238e-06,-2.634e-11,0.088219
1797,1617300,-1.350959e-06,-2.323e-11,0.133903
1798,1618200,-1.389121e-06,-1.298e-11,0.106266
1799,1619100,-1.352751e-06,-1.036e-11,0.040045
1800,1620000,-1.36956e-06,7.74e-12,-0.074067
1801,1620900,-1.387111e-06,2.056e-11,-0.052813
1802,1621800,-1.401817e-06,1.014e-11,-0.216089
1803,1622700,-1.350568e-06,2.356e-11,-0.160388
1804,1623600,-1.349479e-06,3.05e-11,-0.237511
1805,1624500,-1.357105e-06,3.1e-11,-0.220245
1806,1625400,-1.311115e-06,3.195e-11,-0.201416
1807,1626300,-1.281218e-06,4.697e-11,-0.227986
1808,1627200,-1.243054e-06,4.277e-11,-0.235178
1809,1628100,-1.214446e-06,5.472e-11,-0.224751
1810,1629000,-1.193865e-06,6.763e-11,-0.217554
1811,1629900,-1.132776e-06,6.103e-11,-0.406748
1812,1630800,-1.080153e-06,7.127e-11,-0.33726
1813,1631700,-1.030533e-06,7.088e-11,-0.318641
1814,1632600,-9.92071e-07,7.377e-11,-0.295252
1815,1633500,-9.29906e-07,8.42e-11,-0.214793
1816,1634400,-8.70125e-07,8.664e-11,-0.376645
1817,1635300,-8.52538e-07,9.35e-11,-0.315519
1818,1636200,-7.74931e-07,9.408e-11,-0.138653
1819,1637100,-7.19958e-07,9.148e-11,-0.185251
1820,1638000,-6.49357e-07,9.582e-11,-0.097537
1821,1638900,-6.04783e-07,9.868e-11,-0.092544
1822,1639800,-5.26132e-07,1.0334e-10,-0.070198
1823,1640700,-4.34005e-07,1.0076e-10,-0.020338
1824,1641600,-4.01425e-07,9.685e-11,0.06122
1825,1642500,-3.07295e-07,9.467e-11,0.048201
1826,1643400,-2.98055e-07,9.627e-11,0.125697
1827,1644300,-1.80724e-07,9.867e-11,-0.036014
1828,1645200,-1.26718e-07,9.828e-11,0.173264
1829,1646100,-3.8137e-08,9.364e-11,0.174346
1830,1647000,-1.9046e-08,9.137e-11,0.149053
1831,1647900,3.0531e-08,8.426e-11,0.31344
1832,1648800,1.14202e-07,8.77e-11,0.234133
1833,1649700,1.41445e-07,8.783e-11,0.168554
1834,1650600,2.22245e-07,7.906e-11,0.301302
1835,1651500,2.69835e-07,6.599e-11,0.257379
1836,1652400,3.18249e-07,6.685e-11,0.348503
1837,1653300,3.52391e-07,6.744e-11,0.305348
1838,1654200,4.44777e-07,6.021e-11,0.329334
1839,1655100,4.55737e-07,5.773e-11,0.202017
1840,1656000,4.38035e-07,5.189e-11,0.281367
1841,1656900,5.31212e-07,4.16e-11,0.312492
1842,1657800,5.43906e-07,4.037e-11,0.241864
1843,1658700,6.03043e-07,3.056e-11,0.149969
1844,1659600,5.51149e-07,3.364e-11,0.171071
1845,1660500,5.94844e-07,3.509e-11,0.131057
1846,1661400,5.70559e-07,1.207e-11,0.028907
1847,1662300,5.89511e-07,4.53e-12,0.009807
1848,1663200,5.69781e-07,7.96e-12,0.014942
1849,1664100,5.94303e-07,-2.75e-12,-0.015604
1850,1665000,5.94705e-07,-9.63e-12,-0.070949
1851,1665900,5.93092e-07,-1.574e-11,-0.106669
1852,1666800,5.58923e-07,-1.823e-11,-0.173895
1853,1667700,5.55523e-07,-3.007e-11,-0.213106
1854,1668600,5.10865e-07,-4.004e-11,-0.236743
1855,1669500,4.67392e-07,-4.749e-11,-0.224695
1856,1670400,4.90183e-07,-4.723e-11,-0.389784
1857,1671300,4.48353e-07,-5.835e-11,-0.25451
1858,1672200,3.99095e-07,-6.184e-11,-0.29489
1859,1673100,3.50431e-07,-5.921e-11,-0.298416
1860,1674000,3.31135e-07,-6.601e-11,-0.266648
1861,1674900,2.20508e-07,-6.96e-11,-0.320329
1862,1675800,2.27033e-07,-8.42e-11,-0.349031
1863,1676700,2.04176e-07,-8.793e-11,-0.219859
1864,1677600,1.12896e-07,-8.87e-11,-0.262049
1865,1678500,2.758e-08,-8.976e-11,-0.292143
1866,1679400,-1.4957e-08,-8.776e-11,-0.199423
1867,1680300,-9.4543e-08,-9.044e-11,-0.182983
1868,1681200,-1.40218e-07,-9.286e-11,-0.15836
1869,1682100,-2.15238e-07,-8.884e-11,-0.115669
1870,1683000,-2.53757e-07,-1.0117e-10,-0.018647
1871,1683900,-3.30559e-07,-1.0751e-10,-0.073092
1872,1684800,-3.6201e-07,-9.584e-11,-0.012751
1873,1685700,-4.32455e-07,-9.605e-11,0.025828
1874,1686600,-5.33684e-07,-9.75e-11,0.036051
1875,1687500,-6.03982e-07,-9.654e-11,0.030457
1876,1688400,-6.67938e-07,-9.811e-11,0.201403
1877,1689300,-7.54617e-07,-9.66e-11,0.158541
1878,1690200,-7.52643e-07,-9.261e-11,0.301937
1879,1691100,-8.26336e-07,-9.174e-11,0.249989
1880,1692000,-9.00749e-07,-8.231e-11,0.193198
1881,1692900,-9.58601e-07,-8.087e-11,0.338452
1882,1693800,-1.041642e-06,-7.246e-11,0.282771
1883,1694700,-1.085357e-06,-9.019e-11,0.220964
1884,1695600,-1.105874e-06,-7.104e-11,0.33166
1885,1696500,-1.159869e-06,-7.147e-11,0.276779
1886,1697400,-1.195039e-06,-5.972e-11,0.25032
1887,1698300,-1.2148e-06,-5.866e-11,0.233678
1888,1699200,-1.286038e-06,-4.463e-11,0.253168
1889,1700100,-1.317214e-06,-3.96e-11,0.345143
1890,1701000,-1.321014e-06,-3.21e-11,0.263936
1891,1701900,-1.364287e-06,-3.201e-11,0.118501
1892,1702800,-1.380954e-06,-2.901e-11,0.129856
1893,1703700,-1.417492e-06,-2.094e-11,0.141417
1894,1704600,-1.416876e-06,-2.237e-11,0.04034
1895,1705500,-1.454196e-06,-5.32e-12,0.064324
1896,1706400,-1.428573e-06,-3.94e-12,0.012343
1897,1707300,-1.4387e-06,8.5e-13,-0.002061
1898,1708200,-1.408773e-06,1.78e-11,-0.108063
1899,1709100,-1.396266e-06,1.704e-11,-0.08213
1900,1710000,-1.417985e-06,2.476e-11,-0.271059
1901,1710900,-1.389452e-06,3.26e-11,-0.203131
1902,1711800,-1.322225e-06,3.246e-11,-0.240311
1903,1712700,-1.34909e-06,4.141e-11,-0.186435
1904,1713600,-1.267489e-06,4.65e-11,-0.295958
1905,1714500,-1.291441e-06,6.209e-11,-0.221114
1906,1715400,-1.23214e-06,5.39e-11,-0.355111
1907,1716300,-1.184357e-06,6.868e-11,-0.400741
1908,1717200,-1.151812e-06,7.88e-11,-0.310875
1909,1718100,-1.065655e-06,7.843e-11,-0.351647
1910,1719000,-1.054619e-06,7.869e-11,-0.337403
1911,1719900,-1.012422e-06,9.068e-11,-0.326032
1912,1720800,-9.13127e-07,8.442e-11,-0.26109
1913,1721700,-8.80333e-07,8.669e-11,-0.209611
1914,1722600,-8.66942e-07,9.459e-11,-0.335559
1915,1723500,-7.84544e-07,9.896e-11,-0.151514
1916,1724400,-7.46436e-07,9.074e-11,-0.184434
1917,1725300,-6.47888e-07,8.792e-11,-0.115466
1918,1726200,-5.82406e-07,9.773e-11,-0.05138
1919,1727100,-5.26368e-07,9.708e-11,-0.135967
1920,1728000,-4.68239e-07,9.523e-11,-0.028917
1921,1728900,-3.90787e-07,1.0687e-10,0.037255
1922,1729800,-3.33773e-07,9.192e-11,0.089922
1923,1730700,-2.75843e-07,1.0422e-10,0.087782
1924,1731600,-2.16025e-07,1.0189e-10,0.145398
1925,1732500,-1.7671e-07,1.0745e-10,0.128699
1926,1733400,-9.7499e-08,9.412e-11,0.225513
1927,1734300,-4.5481e-08,8.876e-11,0.226259
1928,1735200,-1.962e-09,9.735e-11,0.248808
1929,1736100,9.1527e-08,8.147e-11,0.259426
1930,1737000,1.15075e-07,7.159e-11,0.281747
1931,1737900,1.6461e-07,8.104e-11,0.237598
1932,1738800,2.04653e-07,6.622e-11,0.372127
1933,1739700,2.50008e-07,6.875e-11,0.345942
1934,1740600,2.99237e-07,5.399e-11,0.22157
1935,1741500,3.65492e-07,4.925e-11,0.296765
1936,1742400,3.84973e-07,5.189e-11,0.283387
1937,1743300,3.8905e-07,3.935e-11,0.273752
1938,1744200,4.18757e-07,2.452e-11,0.24457
1939,1745100,4.29661e-07,3.448e-11,0.25227
1940,1746000,4.63344e-07,3.086e-11,0.15769
1941,1746900,5.10091e-07,1.42e-11,0.114394
1942,1747800,4.96326e-07,1.21e-11,0.135257
1943,1748700,4.69734e-07,1.689e-11,0.145268
1944,1749600,4.84259e-07,2.76e-12,0.059584
1945,1750500,4.43718e-07,-1.31e-11,0.023663
1946,1751400,4.62767e-07,-1.419e-11,-0.07709
1947,1752300,3.94361e-07,-2.046e-11,-0.152457
1948,1753200,4.41228e-07,-2.091e-11,-0.121166
1949,1754100,4.21785e-07,-3.963e-11,-0.153096
1950,1755000,4.03695e-07,-3.204e-11,-0.106222
1951,1755900,3.31476e-07,-4.617e-11,-0.275119
1952,1756800,3.29048e-07,-4.993e-11,-0.271512
1953,1757700,3.08325e-07,-6.106e-11,-0.32922
1954,1758600,2.30248e-07,-6.268e-11,-0.351207
1955,1759500,2.03125e-07,-6.676e-11,-0.336759
1956,1760400,1.81379e-07,-7.101e-11,-0.246868
1957,1761300,1.06228e-07,-7.53e-11,-0.325573
1958,1762200,5.7972e-08,-7.577e-11,-0.310344
1959,1763100,1.236e-08,-8.721e-11,-0.239211
1960,1764000,-6.4355e-08,-8.234e-11,-0.256759
1961,1764900,-8.3252e-08,-9.546e-11,-0.311815
1962,1765800,-1.86955e-07,-9.931e-11,-0.281269
1963,1766700,-2.24624e-07,-9.471e-11,-0.206612
1964,1767600,-3.11087e-07,-9.958e-11,-0.067482
1965,1768500,-3.79361e-07,-1.0469e-10,-0.075002
1966,1769400,-4.32338e-07,-8.895e-11,-0.103956
1967,1770300,-4.76669e-07,-9.437e-11,-0.065225
1968,1771200,-5.76003e-07,-9.629e-11,0.028745
1969,1772100,-6.50777e-07,-1.0543e-10,-0.087664
1970,1773000,-6.76959e-07,-1.0045e-10,0.069538
1971,1773900,-7.88794e-07,-1.0357e-10,0.090907
1972,1774800,-8.31616e-07,-9.6e-11,0.179173
1973,1775700,-8.26915e-07,-9.479e-11,0.238399
1974,1776600,-9.56853e-07,-1.0076e-10,0.194517
1975,1777500,-1.027964e-06,-8.961e-11,0.198983
1976,1778400,-1.102272e-06,-7.792e-11,0.23293
1977,1779300,-1.150423e-06,-7.866e-11,0.240733
1978,1780200,-1.141183e-06,-8.3e-11,0.262733
1979,1781100,-1.20423e-06,-7.222e-11,0.335858
1980,1782000,-1.25983e-06,-6.807e-11,0.337281
1981,1782900,-1.301559e-06,-6.665e-11,0.225169
1982,1783800,-1.334945e-06,-6.067e-11,0.269097
1983,1784700,-1.36075e-06,-6.27e-11,0.359366
1984,1785600,-1.425236e-06,-4.841e-11,0.240055
1985,1786500,-1.490429e-06,-4.493e-11,0.254743
1986,1787400,-1.469578e-06,-3.926e-11,0.102505
1987,1788300,-1.540822e-06,-2.188e-11,0.128002
1988,1789200,-1.504475e-06,-3.055e-11,0.140877
1989,1790100,-1.542173e-06,-2.361e-11,0.194416
1990,1791000,-1.561868e-06,-1.075e-11,0.064265
1991,1791900,-1.553896e-06,1.35e-12,0.032594
1992,1792800,-1.533459e-06,-3.06e-12,0.038205
1993,1793700,-1.551304e-06,1.2e-12,-0.028467
1994,1794600,-1.554085e-06,8.79e-12,-0.059746
1995,1795500,-1.538687e-06,1.915e-11,-0.118234
1996,1796400,-1.527035e-06,2.404e-11,-0.143008
1997,1797300,-1.519575e-06,4.543e-11,-0.253095
1998,1798200,-1.497995e-06,3.574e-11,-0.110107
1999,1799100,-1.474625e-06,4.636e-11,-0.225586
